Metrics,Company,Currency,CY 2025 Q1,CY 2024 Q4,CY 2024 Q3,CY 2024 Q2,CY 2024 Q1,CY 2023 Q4,CY 2023 Q3,CY 2023 Q2,CY 2023 Q1,CY 2022 Q4,CY 2022 Q3,CY 2022 Q2,,,,,,,,,,,,,,,,,,,,,,,,,,,,,,,,,,,,,,,,
Revenue,Onsemi,(in Millions USD),"1,445.70","1,722.50","1,761.90","1,735.20","1,862.70","2,018.10",2180.8,2094.4,1959.7,"2,103.60",2192.6,2085,,,,,,,,,,,,,,,,,,,,,,,,,,,,,,,,,,,,,,,,
Revenue QOQ,Onsemi,(in Millions USD),-16.07%,-2.24%,1.54%,-6.84%,-7.70%,-7.46%,4.13%,6.87%,-6.84%,-4.06%,5.16%,,,,,,,,,,,,,,,,,,,,,,,,,,,,,,,,,,,,,,,,,
Cost of Goods Sold,Onsemi,(in Millions USD),"1,151.90",943.40,962.50,951.20,"1,009.10","1,076.20",1150.1,1101,1042.2,"1,083.10",1134.3,1047.9,,,,,,,,,,,,,,,,,,,,,,,,,,,,,,,,,,,,,,,,
COGS as % of Revenue,Onsemi,(in Millions USD),79.68%,54.77%,54.63%,54.82%,54.17%,53.33%,52.74%,52.57%,53.18%,51.49%,51.73%,50.26%,,,,,,,,,,,,,,,,,,,,,,,,,,,,,,,,,,,,,,,,
Gross Profit,Onsemi,(in Millions USD),293.80,779.10,799.40,784.00,853.6,941.9,1030.7,993.4,917.5,"1,020.50",1058.3,1037.1,,,,,,,,,,,,,,,,,,,,,,,,,,,,,,,,,,,,,,,,
Gross Margin ,Onsemi,(in Millions USD),20.32%,45.23%,45.37%,45.18%,45.83%,46.67%,47.26%,47.43%,46.82%,48.51%,48.27%,49.74%,,,,,,,,,,,,,,,,,,,,,,,,,,,,,,,,,,,,,,,,
Capital Expenditure,Onsemi,(in Millions USD),147.60,157.30,172.2,154.50,222.4,390.5,433,430.6,321.5,342,271.1,218.1,,,,,,,,,,,,,,,,,,,,,,,,,,,,,,,,,,,,,,,,
Research and development (R&D),Onsemi,(in Millions USD),164.10,155.20,151.00,156.50,150,150.2,143.4,145.3,138.4,136.4,145.4,161.6,,,,,,,,,,,,,,,,,,,,,,,,,,,,,,,,,,,,,,,,
SG&A (incl. Marketing),Onsemi,(in Millions USD),152.70,168.80,163.80,153.30,163.60,156.90,179.00,155.50,144.20,165.50,153.20,151.50,,,,,,,,,,,,,,,,,,,,,,,,,,,,,,,,,,,,,,,,
Amortization of Intangibles,Onsemi,(in Millions USD),11.40,13.50,13.00,12.90,12.6,12.1,12,12,15,16.1,21.9,21.9,,,,,,,,,,,,,,,,,,,,,,,,,,,,,,,,,,,,,,,,
Restructuring costs,Onsemi,(in Millions USD),539.30,30.90,29.10,72.50,1.4,11.4,9.4,2.6,51.5,-7.7,40.3,-1.7,,,,,,,,,,,,,,,,,,,,,,,,,,,,,,,,,,,,,,,,
Total operating expenses,Onsemi,(in Millions USD),867.50,370.50,354.00,395.50,328.4,329.8,343.7,318.7,352.6,316.2,633.8,453.1,,,,,,,,,,,,,,,,,,,,,,,,,,,,,,,,,,,,,,,,
R&D as % of Revenue,Onsemi,(in Millions USD),11.35,9.01,8.57,9.02,8.05,7.44,6.58,6.94,7.06,6.48,6.63,7.75,,,,,,,,,,,,,,,,,,,,,,,,,,,,,,,,,,,,,,,,
SGM&A as % of Revenue,Onsemi,(in Millions USD),10.56,9.80,9.30,8.83,8.78,7.77,8.21,7.42,7.36,7.87,6.99,7.27,,,,,,,,,,,,,,,,,,,,,,,,,,,,,,,,,,,,,,,,
Operating Profit (EBIT),Onsemi,(in Millions USD),-573.70,408.60,445.40,388.50,525.2,612.1,687,674.7,564.9,704.3,424.5,584,,,,,,,,,,,,,,,,,,,,,,,,,,,,,,,,,,,,,,,,
Interest expense,Onsemi,(in Millions USD),-18.00,-15.30,-15.70,-15.70,-15.6,-15.8,-16.2,-16.4,-26.4,-27.5,-23.7,-22.1,,,,,,,,,,,,,,,,,,,,,,,,,,,,,,,,,,,,,,,,
Interest income,Onsemi,(in Millions USD),26.60,27.80,28.60,27.40,27.6,26.3,25.7,24,17.1,9.1,4.9,1.1,,,,,,,,,,,,,,,,,,,,,,,,,,,,,,,,,,,,,,,,
Net Profit/Income,Onsemi,(in Millions USD),-485.20,379.80,402.70,338.40,453.7,563.4,582.9,577.1,462.2,604.3,311.9,456.6,,,,,,,,,,,,,,,,,,,,,,,,,,,,,,,,,,,,,,,,
Net Profit Margin,Onsemi,(in Millions USD),-33.56%,22.05%,22.86%,19.50%,24.36%,27.92%,26.73%,27.55%,23.59%,28.73%,14.23%,21.90%,,,,,,,,,,,,,,,,,,,,,,,,,,,,,,,,,,,,,,,,
Net income attributable to ON Semiconductor Corporation,Onsemi,(in Millions USD),-486.10,379.90,401.70,338.20,453,562.7,582.7,576.6,461.7,604.3,311.9,455.8,,,,,,,,,,,,,,,,,,,,,,,,,,,,,,,,,,,,,,,,
Cash and cash equivalents,Onsemi,(in Millions USD),"2,762.50","2,691.30","2,470.20","2,231.00",2614.4,"2,483.00",2679.2,2622.2,2702.4,"2,919.00",2450.2,1791.6,,,,,,,,,,,,,,,,,,,,,,,,,,,,,,,,,,,,,,,,
Short-term investments,Onsemi,(in Millions USD),250.00,300.00,300.00,450.00,,,,,,,,,,,,,,,,,,,,,,,,,,,,,,,,,,,,,,,,,,,,,,,,
Accounts receivable,Onsemi,(in Millions USD),825.00,"1,160.10","1,070.60",887.20,873.3,935.4,958.2,944.4,880.9,842.3,857.3,1138.1,,,,,,,,,,,,,,,,,,,,,,,,,,,,,,,,,,,,,,,,
Inventories,Onsemi,(in Millions USD),"2,078.20","2,242.00","2,242.80","2,224.60",2147.1,"2,111.80",2084.8,1964.4,1814.9,"1,616.80",1575.4,1563.2,,,,,,,,,,,,,,,,,,,,,,,,,,,,,,,,,,,,,,,,
Inventories as a % of Revenue,Onsemi,(in Millions USD),143.75%,130.16%,127.29%,128.20%,115.27%,104.64%,95.60%,93.79%,92.61%,76.86%,71.85%,74.97%,,,,,,,,,,,,,,,,,,,,,,,,,,,,,,,,,,,,,,,,
Total current assets,Onsemi,(in Millions USD),"6,326.50","6,752.00","6,544.70","6,325.00",6148.9,"5,912.30",6085.4,5930.2,5716.3,"5,729.40",5309.4,4785.3,,,,,,,,,,,,,,,,,,,,,,,,,,,,,,,,,,,,,,,,
"Property, plant and equipment, net",Onsemi,(in Millions USD),"3,840.50","4,361.40","4,383.70","4,372.50",4384.3,"4,401.50",4314.5,3991.4,3692.9,"3,450.70",2762.1,2709.8,,,,,,,,,,,,,,,,,,,,,,,,,,,,,,,,,,,,,,,,
Total assets,Onsemi,(in Millions USD),"13,253.90","14,089.80","13,923.60","13,658.80",13482.9,"13,215.20",13281.3,12762.7,12274.3,"11,978.50",11100.7,10788.7,,,,,,,,,,,,,,,,,,,,,,,,,,,,,,,,,,,,,,,,
Accounts payable,Onsemi,(in Millions USD),496.60,574.50,597.50,617.70,665.8,725.6,911.3,907.5,976.2,852.1,791.7,793.8,,,,,,,,,,,,,,,,,,,,,,,,,,,,,,,,,,,,,,,,
Total current liabilities,Onsemi,(in Millions USD),"1,278.30","1,334.80","2,128.60","2,098.00",2139,"2,183.60",2494.8,2480.7,2580,"2,061.40",1761,1713.3,,,,,,,,,,,,,,,,,,,,,,,,,,,,,,,,,,,,,,,,
Current Ratio,Onsemi,(in Millions USD),4.95,5.06,3.07,3.01,2.87,2.71,2.44,2.39,2.22,2.78,3.01,2.79,,,,,,,,,,,,,,,,,,,,,,,,,,,,,,,,,,,,,,,,
Quick Ratio,Onsemi,(in Millions USD),2.81,2.89,1.66,1.49,1.63,1.57,1.46,1.44,1.39,1.82,1.88,1.71,,,,,,,,,,,,,,,,,,,,,,,,,,,,,,,,,,,,,,,,
Long-term debt,Onsemi,(in Millions USD),"3,348.30","3,345.90","2,547.20","2,545.70",2544.1,"2,542.60",2541.1,2539.6,2580,"3,045.70",3046.5,3047.4,,,,,,,,,,,,,,,,,,,,,,,,,,,,,,,,,,,,,,,,
Total liabilities,Onsemi,(in Millions USD),"5,205.00","5,275.30","5,319.60","5,300.40",5340.3,627.3,5777.3,5759.1,"5,807.30","5,771.50",5424.1,5378.6,,,,,,,,,,,,,,,,,,,,,,,,,,,,,,,,,,,,,,,,
Total stockholders’ equity,Onsemi,(in Millions USD),"8,048.90","8,814.50","8,604.00","8,358.40",8142.6,"7,800.60",7504,7003.6,6467,"6,207.00",5676.6,5410.1,,,,,,,,,,,,,,,,,,,,,,,,,,,,,,,,,,,,,,,,
Debt-to-Equity Ratio,Onsemi,(in Millions USD),0.65,0.60,0.62,0.63,0.66,0.08,0.77,0.82,0.90,0.93,0.96,0.99,,,,,,,,,,,,,,,,,,,,,,,,,,,,,,,,,,,,,,,,
ROA (Return on Assets),Onsemi,(in Millions USD),-3.66%,2.70%,2.89%,2.48%,3.37%,4.26%,4.39%,4.52%,3.77%,5.04%,2.81%,4.23%,,,,,,,,,,,,,,,,,,,,,,,,,,,,,,,,,,,,,,,,
ROE (Return on Equity),Onsemi,(in Millions USD),-6.03%,4.31%,4.68%,4.05%,5.57%,7.22%,7.77%,8.24%,7.15%,9.74%,5.49%,8.44%,,,,,,,,,,,,,,,,,,,,,,,,,,,,,,,,,,,,,,,,
Total liabilities and stockholders’ equity,Onsemi,(in Millions USD),"13,253.90","14,089.80","13,923.60","13,658.80",13482.9,"13,215.20",13281.3,12762.7,12274.3,"11,978.50",11100.7,10788.7,,,,,,,,,,,,,,,,,,,,,,,,,,,,,,,,,,,,,,,,
Depreciation and amortization,Onsemi,(in Millions USD),168.20,166.60,476.30,314.50,154.9,160.3,449.2,293.8,145,133.2,418.6,279,,,,,,,,,,,,,,,,,,,,,,,,,,,,,,,,,,,,,,,,
EBITDA,Onsemi,(in Millions USD),-405.50,575.20,921.70,703.00,680.10,772.40,"1,136.20",968.50,709.90,837.50,843.10,863.00,,,,,,,,,,,,,,,,,,,,,,,,,,,,,,,,,,,,,,,,
"Effect of exchange rate changes on cash, cash equivalents and restricted cash",Onsemi,(in Millions USD),2.00,-3.70,-0.70,-3.10,-0.9,0.4,-1.5,-1,0.1,0.8,-3.2,-2.6,,,,,,,,,,,,,,,,,,,,,,,,,,,,,,,,,,,,,,,,
"Net increase in cash, cash equivalents and restricted cash",Onsemi,(in Millions USD),71.80,221.00,-12.60,-251.90,131.7,-205.8,-242.2,-299.8,-216.4,460.6,1094.7,436.9,,,,,,,,,,,,,,,,,,,,,,,,,,,,,,,,,,,,,,,,
"Cash, cash equivalents and restricted cash, beginning of period ",Onsemi,(in Millions USD),"2,693.40","2,472.40","2,485.00","2,485.00",2485,"2,690.80",2933,2933,2933,"2,472.40",1377.7,1377.7,,,,,,,,,,,,,,,,,,,,,,,,,,,,,,,,,,,,,,,,
"Cash, cash equivalents and restricted cash, end of period ",Onsemi,(in Millions USD),"2,765.20","2,693.40","2,472.40","2,233.10",2616.7,"2,485.00",2690.8,2633.2,2716.6,"2,933.00",2472.4,1814.6,,,,,,,,,,,,,,,,,,,,,,,,,,,,,,,,,,,,,,,,
Revenue,TI,(in Millions USD),"4,069.00","4,007.00","4,151.00","3,822.00","3,661.00","4,077.00","4,532.00","4,531.00","4,379.00","4,670.00","5,241.00","5,212.00",,,,,,,,,,,,,,,,,,,,,,,,,,,,,,,,,,,,,,,,
Revenue QOQ,TI,(in Millions USD),1.55%,-3.47%,8.61%,4.40%,-10.20%,-10.04%,0.02%,3.47%,-6.23%,-10.89%,0.56%,,,,,,,,,,,,,,,,,,,,,,,,,,,,,,,,,,,,,,,,,
Cost of Goods Sold,TI,(in Millions USD),"1,756.00","1,693.00","1,677.00","1,611.00","1,566.00","1,646.00","1,717.00","1,621.00","1,516.00","1,583.00","1,624.00","1,587.00",,,,,,,,,,,,,,,,,,,,,,,,,,,,,,,,,,,,,,,,
COGS as % of Revenue,TI,(in Millions USD),43.16%,42.25%,40.40%,42.15%,42.78%,40.37%,37.89%,35.78%,34.62%,33.90%,30.99%,30.45%,,,,,,,,,,,,,,,,,,,,,,,,,,,,,,,,,,,,,,,,
Gross Profit,TI,(in Millions USD),"2,313.00","2,314.00","2,474.00","2,211.00","2,095.00","2,431.00","2,815.00","2,910.00","2,863.00","3,087.00","3,617.00","3,625.00",,,,,,,,,,,,,,,,,,,,,,,,,,,,,,,,,,,,,,,,
Gross Margin,TI,(in Millions USD),56.84%,57.75%,59.60%,57.85%,57.22%,59.63%,62.11%,64.22%,65.38%,66.10%,69.01%,69.55%,,,,,,,,,,,,,,,,,,,,,,,,,,,,,,,,,,,,,,,,
Research and development (R&D),TI,(in Millions USD),517.00,491.00,492.00,498.00,478.00,460.00,471.00,477.00,455.00,434.00,431.00,414.00,,,,,,,,,,,,,,,,,,,,,,,,,,,,,,,,,,,,,,,,
SG&A (incl. Marketing),TI,(in Millions USD),472.00,446.00,428.00,465.00,455.00,438.00,452.00,461.00,474.00,429.00,431.00,422.00,,,,,,,,,,,,,,,,,,,,,,,,,,,,,,,,,,,,,,,,
Restructuring costs,TI,(in Millions USD),—,,—,—,-124.00,,—,—,—,48.00,77.00,66.00,,,,,,,,,,,,,,,,,,,,,,,,,,,,,,,,,,,,,,,,
Operating Profit (EBIT),TI,(in Millions USD),"1,324.00","1,377.00","1,554.00","1,248.00","1,286.00","1,533.00","1,892.00","1,972.00","1,934.00","2,176.00","2,678.00","2,723.00",,,,,,,,,,,,,,,,,,,,,,,,,,,,,,,,,,,,,,,,
R&D as % of Revenue,TI,(in Millions USD),12.71,12.25,11.85,13.03,13.06,11.28,10.39,10.53,10.39,9.29,8.22,7.94,,,,,,,,,,,,,,,,,,,,,,,,,,,,,,,,,,,,,,,,
SGM&A as % of Revenue,TI,(in Millions USD),11.60,11.13,10.31,12.17,12.43,10.74,9.97,10.17,10.82,9.19,8.22,8.10,,,,,,,,,,,,,,,,,,,,,,,,,,,,,,,,,,,,,,,,
Other income (expense),TI,(in Millions USD),80.00,112.00,131.00,130.00,123.00,113.00,128.00,119.00,80.00,51.00,33.00,7.00,,,,,,,,,,,,,,,,,,,,,,,,,,,,,,,,,,,,,,,,
Interest expense,TI,(in Millions USD),128.00,130.00,131.00,131.00,116.00,98.00,98.00,89.00,68.00,60.00,53.00,49.00,,,,,,,,,,,,,,,,,,,,,,,,,,,,,,,,,,,,,,,,
Income before income taxes,TI,(in Millions USD),"1,276.00","1,359.00","1,554.00","1,247.00","1,293.00","1,548.00","1,922.00","2,002.00","1,946.00","2,167.00","2,658.00","2,681.00",,,,,,,,,,,,,,,,,,,,,,,,,,,,,,,,,,,,,,,,
Provision for income taxes,TI,(in Millions USD),97.00,154.00,192.00,120.00,188.00,177.00,213.00,280.00,238.00,205.00,363.00,390.00,,,,,,,,,,,,,,,,,,,,,,,,,,,,,,,,,,,,,,,,
Net profit/income,TI,(in Millions USD),"1,179.00","1,205.00","1,362.00","1,127.00","1,105.00","1,371.00","1,709.00","1,722.00","1,708.00","1,962.00","2,295.00","2,291.00",,,,,,,,,,,,,,,,,,,,,,,,,,,,,,,,,,,,,,,,
Net Profit Margin,TI,(in Millions USD),28.98%,30.07%,32.81%,29.49%,30.18%,33.63%,37.71%,38.00%,39.00%,42.01%,43.79%,43.96%,,,,,,,,,,,,,,,,,,,,,,,,,,,,,,,,,,,,,,,,
  Basic earnings per share ,TI,(in Millions USD),1.29,1.32,1.48,1.23,1.21,5.63,1.87,1.89,1.87,,2.50,2.48,,,,,,,,,,,,,,,,,,,,,,,,,,,,,,,,,,,,,,,,
  Diluted earnings per share ,TI,(in Millions USD),1.28,1.30,1.47,$ 1.22,$ 1.20,5.57,$ 1.85,$ 1.87,$ 1.85,2.13,$ 2.47,$ 2.45,,,,,,,,,,,,,,,,,,,,,,,,,,,,,,,,,,,,,,,,
Weighted average shares outstanding - basic,TI,(in Millions USD),910.00,912.00,913.00,912.00,910.00,908.00,908.00,908.00,907.00,906.00,913.00,920.00,,,,,,,,,,,,,,,,,,,,,,,,,,,,,,,,,,,,,,,,
Weighted average shares outstanding - diluted,TI,(in Millions USD),916.00,919.00,920.00,919.00,917.00,915.00,916.00,916.00,916.00,916.00,923.00,930.00,,,,,,,,,,,,,,,,,,,,,,,,,,,,,,,,,,,,,,,,
Income allocated to RSUs,TI,(in Millions USD),-6.00,-7.00,-7.00,-6.00,-5.00,-7.00,-10.00,-8.00,-9.00,-9.00,-11.00,-10.00,,,,,,,,,,,,,,,,,,,,,,,,,,,,,,,,,,,,,,,,
Income allocated to common stock for diluted EPS,TI,(in Millions USD),"1,173.00","1,198.00","1,355.00","1,121.00","1,100.00","1,364.00","1,699.00","$ 1,714","$ 1,699","1,953.00","$ 2,284","$ 2,281",,,,,,,,,,,,,,,,,,,,,,,,,,,,,,,,,,,,,,,,
Cash and cash equivalents,TI,(in Millions USD),"2,763.00","3,200.00","2,589.00","2,740.00","2,483.00","2,964.00","2,566.00","3,439.00","4,477.00","3,050.00","3,169.00","3,802.00",,,,,,,,,,,,,,,,,,,,,,,,,,,,,,,,,,,,,,,,
Short-term investments,TI,(in Millions USD),"2,242.00","4,380.00","6,163.00","6,948.00","7,910.00","5,611.00","6,382.00","6,113.00","5,068.00","6,017.00","5,921.00","4,585.00",,,,,,,,,,,,,,,,,,,,,,,,,,,,,,,,,,,,,,,,
Accounts receivable,TI,(in Millions USD),"1,860.00","1,719.00","1,862.00","1,711.00","1,671.00","1,787.00","1,976.00","1,956.00","1,877.00","1,895.00","2,040.00","2,190.00",,,,,,,,,,,,,,,,,,,,,,,,,,,,,,,,,,,,,,,,
Raw materials,TI,(in Millions USD),393.00,395.00,393.00,405.00,417.00,420.00,401.00,388.00,378.00,353.00,333.00,305.00,,,,,,,,,,,,,,,,,,,,,,,,,,,,,,,,,,,,,,,,
Work in process,TI,(in Millions USD),"2,370.00","2,214.00","2,081.00","2,072.00","2,129.00","2,109.00","2,147.00","2,110.00","1,850.00","1,546.00","1,347.00","1,258.00",,,,,,,,,,,,,,,,,,,,,,,,,,,,,,,,,,,,,,,,
Finished goods,TI,(in Millions USD),"1,924.00","1,918.00","1,822.00","1,629.00","1,537.00","1,470.00","1,360.00","1,231.00","1,060.00",858.00,724.00,636.00,,,,,,,,,,,,,,,,,,,,,,,,,,,,,,,,,,,,,,,,
Inventories,TI,(in Millions USD),"4,687.00","4,527.00","4,296.00","4,106.00","4,083.00","3,999.00","3,908.00","3,729.00","3,288.00","2,757.00","2,404.00","2,199.00",,,,,,,,,,,,,,,,,,,,,,,,,,,,,,,,,,,,,,,,
Inventories as a % of Revenue,TI,(in Millions USD),115.19%,112.98%,103.49%,107.43%,111.53%,98.09%,86.23%,82.30%,75.09%,59.04%,45.87%,42.19%,,,,,,,,,,,,,,,,,,,,,,,,,,,,,,,,,,,,,,,,
Prepaid expenses and other current assets,TI,(in Millions USD),"1,534.00","1,200.00",962.00,"1,284.00","1,301.00",761.00,265.00,277.00,313.00,302.00,238.00,267.00,,,,,,,,,,,,,,,,,,,,,,,,,,,,,,,,,,,,,,,,
Total current assets,TI,(in Millions USD),"13,086.00","15,026.00","15,872.00","16,789.00","17,448.00","15,122.00","15,097.00","15,514.00","15,023.00","14,021.00","13,772.00","13,043.00",,,,,,,,,,,,,,,,,,,,,,,,,,,,,,,,,,,,,,,,
"Property, plant and equipment at cost",TI,(in Millions USD),"16,036.00","15,254.00","15,464.00","14,622.00","13,739.00","13,268.00","12,528.00","11,664.00","10,791.00","9,950.00","9,491.00","8,825.00",,,,,,,,,,,,,,,,,,,,,,,,,,,,,,,,,,,,,,,,
"Property, plant and equipment",TI,(in Millions USD),"11,811.00","11,347.00","11,802.00","11,174.00","10,442.00","9,999.00","9,320.00","8,525.00","7,665.00","6,876.00","6,485.00","5,931.00",,,,,,,,,,,,,,,,,,,,,,,,,,,,,,,,,,,,,,,,
Goodwill,TI,(in Millions USD),"4,362.00","4,362.00","4,362.00","4,362.00","4,362.00","4,362.00","4,362.00","4,362.00","4,362.00","4,362.00","4,362.00","4,362.00",,,,,,,,,,,,,,,,,,,,,,,,,,,,,,,,,,,,,,,,
Total assets,TI,(in Millions USD),"33,757.00","35,509.00","35,321.00","35,048.00","34,885.00","32,348.00","31,638.00","30,939.00","29,220.00","27,207.00","26,057.00","24,723.00",,,,,,,,,,,,,,,,,,,,,,,,,,,,,,,,,,,,,,,,
Liabilities and stockholders’ equity,TI,(in Millions USD),,,,,,,,,,,,,,,,,,,,,,,,,,,,,,,,,,,,,,,,,,,,,,,,,,,,
long-term debt,TI,(in Millions USD),—,750.00,"1,049.00","1,049.00","1,349.00",599.00,300.00,299.00,500.00,500.00,$ 499,499.00,,,,,,,,,,,,,,,,,,,,,,,,,,,,,,,,,,,,,,,,
Accounts payable,TI,(in Millions USD),866.00,820.00,794.00,858.00,551.00,802.00,713.00,923.00,952.00,851.00,780.00,712.00,,,,,,,,,,,,,,,,,,,,,,,,,,,,,,,,,,,,,,,,
Income taxes payable,TI,(in Millions USD),284.00,159.00,108.00,178.00,378.00,172.00,108.00,121.00,372.00,189.00,123.00,115.00,,,,,,,,,,,,,,,,,,,,,,,,,,,,,,,,,,,,,,,,
Accrued Liabilities,TI,(in Millions USD),921.00,"1,075.00","1,014.00",983.00,876.00,911.00,824.00,807.00,686.00,646.00,734.00,714.00,,,,,,,,,,,,,,,,,,,,,,,,,,,,,,,,,,,,,,,,
Total current liabilities,TI,(in Millions USD),"2,489.00","3,643.00","3,686.00","3,637.00","3,553.00","3,320.00","2,652.00","2,711.00","2,904.00","2,985.00","2,798.00","2,560.00",,,,,,,,,,,,,,,,,,,,,,,,,,,,,,,,,,,,,,,,
Current Ratio,TI,(in Millions USD),5.26,4.12,4.31,4.62,4.91,4.55,5.69,5.72,5.17,4.70,4.92,5.09,,,,,,,,,,,,,,,,,,,,,,,,,,,,,,,,,,,,,,,,
Quick Ratio,TI,(in Millions USD),1.86,1.35,1.21,1.22,1.17,1.43,1.71,1.99,2.19,1.66,1.86,2.34,,,,,,,,,,,,,,,,,,,,,,,,,,,,,,,,,,,,,,,,
Long-term debt,TI,(in Millions USD),"12,848.00","12,846.00","12,844.00","12,842.00","12,840.00","10,624.00","10,922.00","10,920.00","9,626.00","8,235.00","7,438.00","6,745.00",,,,,,,,,,,,,,,,,,,,,,,,,,,,,,,,,,,,,,,,
Total liabilities,TI,(in Millions USD),"17,351.00","18,606.00","18,053.00","17,834.00","17,902.00","15,451.00","15,007.00","14,999.00","13,977.00","12,630.00","11,550.00","10,631.00",,,,,,,,,,,,,,,,,,,,,,,,,,,,,,,,,,,,,,,,
Total stockholders’ equity,TI,(in Millions USD),"16,406.00","16,903.00","17,268.00","17,214.00","16,983.00","16,897.00","16,631.00","15,940.00","15,243.00","14,577.00","14,507.00","14,092.00",,,,,,,,,,,,,,,,,,,,,,,,,,,,,,,,,,,,,,,,
ROA (Return on Assets),TI,(in Millions USD),3.49%,3.39%,3.86%,3.22%,3.17%,4.24%,5.40%,5.57%,5.85%,7.21%,8.81%,9.27%,,,,,,,,,,,,,,,,,,,,,,,,,,,,,,,,,,,,,,,,
ROE (Return on Equity),TI,(in Millions USD),7.19%,7.13%,7.89%,6.55%,6.51%,8.11%,10.28%,10.80%,11.21%,13.46%,15.82%,16.26%,,,,,,,,,,,,,,,,,,,,,,,,,,,,,,,,,,,,,,,,
Debt-to-Equity Ratio,TI,(in Millions USD),1.06,1.10,1.05,1.04,1.05,0.91,0.90,0.94,0.92,0.87,0.80,0.75,,,,,,,,,,,,,,,,,,,,,,,,,,,,,,,,,,,,,,,,
Total liabilities and stockholders’ equity,TI,(in Millions USD),"33,757.00","35,509.00","35,321.00","$ 35,048","$ 34,885","32,348.00","$ 31,638","$ 30,939","$ 29,220","27,270.00","$ 26,057","$ 24,723",,,,,,,,,,,,,,,,,,,,,,,,,,,,,,,,,,,,,,,,
Net income,TI,(in Millions USD),"1,179.00","1,205.00","3,594.00","$ 2,232","$ 1,105","1,371.00","$ 5,139","$ 3,430","$ 1,708","1,962.00","$ 6,787","$ 4,492",,,,,,,,,,,,,,,,,,,,,,,,,,,,,,,,,,,,,,,,
Depreciation and Amortization,TI,(in Millions USD),444.00,435,402.00,381.00,362.00,337.00,320.00,300.00,279.00,263.00,262.00,240.00,,,,,,,,,,,,,,,,,,,,,,,,,,,,,,,,,,,,,,,,
EBITDA,TI,(in Millions USD),"1,768.00","1,812.00","1,956.00","1,629.00","1,648.00","1,870.00","2,212.00","2,272.00","2,213.00","2,439.00","2,940.00","2,963.00",,,,,,,,,,,,,,,,,,,,,,,,,,,,,,,,,,,,,,,,
Amortization of Intangibles,TI,(in Millions USD),20.00,19.00,53.00,34.00,16.00,15.00,48.00,31.00,16.00,14.00,40.00,27.00,,,,,,,,,,,,,,,,,,,,,,,,,,,,,,,,,,,,,,,,
Accounts receivable,TI,(in Millions USD),-141.00,143.00,-75.00,76.00,116.00,189.00,-81.00,-61.00,18.00,145.00,-339.00,-489.00,,,,,,,,,,,,,,,,,,,,,,,,,,,,,,,,,,,,,,,,
Prepaid expenses and other current assets,TI,(in Millions USD),-7.00,76.00,-69.00,-46.00,-24.00,8.00,38.00,10.00,-4.00,-39.00,45.00,20.00,,,,,,,,,,,,,,,,,,,,,,,,,,,,,,,,,,,,,,,,
Accounts payable ,TI,(in Millions USD),-121.00,87.00,38.00,25.00,-77.00,-10.00,-23.00,-50.00,-124.00,34.00,72.00,30.00,,,,,,,,,,,,,,,,,,,,,,,,,,,,,,,,,,,,,,,,
Cash flows from operating activities,TI,(in Millions USD),849.00,"1,998.00","4,320.00","2,588.00","1,017.00","1,924.00","4,496.00","2,559.00","1,160.00","2,042.00","6,678.00","3,912.00",,,,,,,,,,,,,,,,,,,,,,,,,,,,,,,,,,,,,,,,
Capital expenditures,TI,(in Millions USD),"1,123.00","1,192.00","3,628.00","2,312.00","1,248.00","1,148.00","3,923.00","2,428.00",982.00,967.00,"1,830.00","1,040.00",,,,,,,,,,,,,,,,,,,,,,,,,,,,,,,,,,,,,,,,
Cash flows from investing activities,TI,(in Millions USD),"1,253.00",614.00,"-3,816.00","-3,329.00","-3,329.00",-311.00,"-4,051.00","-2,357.00",28.00,"-1,027.00","-2,556.00",-443.00,,,,,,,,,,,,,,,,,,,,,,,,,,,,,,,,,,,,,,,,
Cash flows from financing activities,TI,(in Millions USD),"-2,539.00","-2,001.00",-879.00,517.00,"1,831.00","-2,001.00",-929.00,187.00,239.00,"-1,134.00","-5,584.00","-4,298.00",,,,,,,,,,,,,,,,,,,,,,,,,,,,,,,,,,,,,,,,
Net change in cash and cash equivalents,TI,(in Millions USD),-437.00,611.00,-375.00,-224.00,-481.00,611.00,-484.00,389.00,"1,427.00",-119.00,"-1,462.00",-829.00,,,,,,,,,,,,,,,,,,,,,,,,,,,,,,,,,,,,,,,,
Cash and cash equivalents at beginning of period,TI,(in Millions USD),"3,200.00","2,589.00","2,964.00","2,964.00","2,964.00","2,589.00","3,050.00","3,050.00","3,050.00","3,169.00","4,631.00","4,631.00",,,,,,,,,,,,,,,,,,,,,,,,,,,,,,,,,,,,,,,,
Cash and cash equivalents at end of period,TI,(in Millions USD),"2,763.00","3,200.00","2,589.00","2,740.00","2,483.00","3,200.00","$ 2,566","$ 3,439","$ 4,477","3,050.00","$ 3,169","$ 3,802",,,,,,,,,,,,,,,,,,,,,,,,,,,,,,,,,,,,,,,,
Revenue,Vishay,(in Millions USD),715.24,714.72,735.35,741.24,746.28,785.24,853.65,892.11,871.05,855.30,924.80,863.51,,,,,,,,,,,,,,,,,,,,,,,,,,,,,,,,,,,,,,,,
Revenue QOQ,Vishay,(in Millions USD),0.07%,-2.81%,-0.79%,-0.68%,-4.96%,-8.01%,-4.31%,2.42%,1.84%,-7.52%,7.10%,#DIV/0!,,,,,,,,,,,,,,,,,,,,,,,,,,,,,,,,,,,,,,,,
Cost of Goods Sold,Vishay,(in Millions USD),579.68,572.58,584.47,578.37,575.87,584.57,616.01,634.64,592.33,606.18,635.26,602.29,,,,,,,,,,,,,,,,,,,,,,,,,,,,,,,,,,,,,,,,
COGS as % of Revenue,Vishay,(in Millions USD),81.05%,80.11%,79.48%,78.03%,77.17%,74.45%,72.16%,71.14%,68.00%,70.87%,68.69%,69.75%,,,,,,,,,,,,,,,,,,,,,,,,,,,,,,,,,,,,,,,,
Gross Profit,Vishay,(in Millions USD),135.55,142.13,150.88,162.87,170.41,200.66,237.64,257.47,278.71,249.12,289.54,261.22,,,,,,,,,,,,,,,,,,,,,,,,,,,,,,,,,,,,,,,,
Gross Margin,Vishay,(in Millions USD),19%,19.9 %,20.5 %,22.0	%,22.8	%,25.6	%,27.8	%,28.9 %,32.0 %,29.1 %,31.3 %,30.3 %,,,,,,,,,,,,,,,,,,,,,,,,,,,,,,,,,,,,,,,,
SG&A (incl. Marketing),Vishay,(in Millions USD),134.739,132.330,128.545,124.953,127.736,122.834,122.513,122.857,120.145,113.812,106.436,110.400,,,,,,,,,,,,,,,,,,,,,,,,,,,,,,,,,,,,,,,,
Restructuring costs,Vishay,(in Millions USD),-,-,"40,614",-,-,-,-,-,-,-,-,-,,,,,,,,,,,,,,,,,,,,,,,,,,,,,,,,,,,,,,,,
R&D as % of Revenue,Vishay,(in Millions USD),,,,,,,,,,,,,,,,,,,,,,,,,,,,,,,,,,,,,,,,,,,,,,,,,,,,
SGM&A as % of Revenue,Vishay,(in Millions USD),18.84%,18.52%,17.48%,16.86%,17.12%,15.64%,14.35%,13.77%,13.79%,13.31%,11.51%,12.78%,,,,,,,,,,,,,,,,,,,,,,,,,,,,,,,,,,,,,,,,
Operating income (EBIT),Vishay,(in Millions USD),0.815,-56.685,-18.276,37.917,42.671,77.830,115.130,134.616,158.568,135.308,183.102,150.823,,,,,,,,,,,,,,,,,,,,,,,,,,,,,,,,,,,,,,,,
Operating margin,Vishay,(in Millions USD),0.1 %,-7.90%,-2.5 %,5.1 %,5.7 %,9.9 %,13.5	%,15.1 %,18.2 %,15.8 %,19.8 %,17.5 %,,,,,,,,,,,,,,,,,,,,,,,,,,,,,,,,,,,,,,,,
Other income (expense):,Vishay,(in Millions USD),,,,,,,,,,,,,,,,,,,,,,,,,,,,,,,,,,,,,,,,,,,,,,,,,,,,
Interest expense,Vishay,(in Millions USD),-8.790,-7.731,-6.596,-6.657,-6.496,-6.454,-7.153,-6.404,-5.120,-4.490,-4.110,-4.307,,,,,,,,,,,,,,,,,,,,,,,,,,,,,,,,,,,,,,,,
Total other income (expense) - net,Vishay,(in Millions USD),-5.043,-2.168,-5.793,-1.646,1.591,2.814,-18.618,-1.147,-1.791,-7.108,-1.973,-2.927,,,,,,,,,,,,,,,,,,,,,,,,,,,,,,,,,,,,,,,,
Income (loss) before taxes,Vishay,(in Millions USD),-4.228,-58.853,-24.069,36.271,44.262,80.644,96.512,133.469,156.777,128.200,181.129,147.896,,,,,,,,,,,,,,,,,,,,,,,,,,,,,,,,,,,,,,,,
Income tax expense (benefit),Vishay,(in Millions USD),-0.136,7.232,-5.076,12.391,12.819,28.690,30.557,38.054,44.588,54.999,40.566,35.127,,,,,,,,,,,,,,,,,,,,,,,,,,,,,,,,,,,,,,,,
Net Profit/Income,Vishay,(in Millions USD),-4.092,-66.085,-18.993,23.880,31.443,51.954,65.955,95.415,112.189,73.201,140.563,112.769,,,,,,,,,,,,,,,,,,,,,,,,,,,,,,,,,,,,,,,,
Net Profit Margin,Vishay,(in Millions USD),-0.57%,-9.25%,-2.58%,3.22%,4.21%,6.62%,7.73%,10.70%,12.88%,8.56%,15.20%,13.06%,,,,,,,,,,,,,,,,,,,,,,,,,,,,,,,,,,,,,,,,
Net earnings (loss) attributable to Vishay stockholders,Vishay,(in Millions USD),-4.092,-66.308,-19.299,23.533,30.924,51.472,65.529,95.038,111.781,72.788,140.061,112.388,,,,,,,,,,,,,,,,,,,,,,,,,,,,,,,,,,,,,,,,
Basic earnings (loss) per share attributable to Vishay stockholders,Vishay,(in Millions USD),-0.03,-0.49,-0.14,0.17,0.22,0.37,0.47,0.68,0.79,0.51,0.98,0.78,,,,,,,,,,,,,,,,,,,,,,,,,,,,,,,,,,,,,,,,
Diluted earnings (loss) per share attributable to Vishay stockholders,Vishay,(in Millions USD),-0.03,-0.49,-0.14,0.17,0.22,0.37,0.47,0.68,0.79,0.51,0.98,0.78,,,,,,,,,,,,,,,,,,,,,,,,,,,,,,,,,,,,,,,,
Weighted average shares outstanding - basic,Vishay,(in Millions USD),135.799,136.050,136.793,137.326,137.726,138.318,139.083,139.764,140.636,141.643,142.887,143.996,,,,,,,,,,,,,,,,,,,,,,,,,,,,,,,,,,,,,,,,
Weighted average shares outstanding - diluted,Vishay,(in Millions USD),135.799,136.050,136.793,138.084,138.476,139.266,140.001,140.478,141.251,142.247,143.447,144.397,,,,,,,,,,,,,,,,,,,,,,,,,,,,,,,,,,,,,,,,
Cash dividends per share,Vishay,(in Millions USD),0.10,0.10,0.10,0.10,0.10,0.10,0.10,0.10,0.10,0.10,0.10,0.10,,,,,,,,,,,,,,,,,,,,,,,,,,,,,,,,,,,,,,,,
Cash and cash equivalents,Vishay,(in Millions USD),609.402,590.286,643.771,672.731,796.541,972.719,"1,095.119","1,089.420",847.534,610.825,734.992,765.593,,,,,,,,,,,,,,,,,,,,,,,,,,,,,,,,,,,,,,,,
Short-term investments,Vishay,(in Millions USD),10.197,16.130,13.491,15.320,37.418,35.808,78.994,14.366,186.892,305.272,182.646,81.112,,,,,,,,,,,,,,,,,,,,,,,,,,,,,,,,,,,,,,,,
Accounts receivable,Vishay,(in Millions USD),427.634,401.901,428.558,424.512,411.203,426.674,442.646,453.250,444.021,416.178,425.630,429.778,,,,,,,,,,,,,,,,,,,,,,,,,,,,,,,,,,,,,,,,
   Finished goods,Vishay,(in Millions USD),177.202,175.176,173.353,172.353,166.684,167.083,165.936,169.775,171.404,156.234,164.252,172.796,,,,,,,,,,,,,,,,,,,,,,,,,,,,,,,,,,,,,,,,
   Work in process,Vishay,(in Millions USD),314.752,296.393,290.597,280.490,280.536,267.339,271.107,278.645,282.166,261.345,252.492,264.123,,,,,,,,,,,,,,,,,,,,,,,,,,,,,,,,,,,,,,,,
   Raw materials,Vishay,(in Millions USD),220.484,217.812,223.254,218.480,218.623,213.098,206.499,211.619,203.111,201.300,199.133,196.929,,,,,,,,,,,,,,,,,,,,,,,,,,,,,,,,,,,,,,,,
Inventories,Vishay,(in Millions USD),712.438,689.381,687.204,671.323,665.843,647.520,643.542,660.039,656.681,618.879,615.877,633.848,,,,,,,,,,,,,,,,,,,,,,,,,,,,,,,,,,,,,,,,
Inventories as a % of Revenue,Vishay,(in Millions USD),99.61%,96.46%,93.45%,90.57%,89.22%,82.46%,75.39%,73.99%,75.39%,72.36%,66.60%,73.40%,,,,,,,,,,,,,,,,,,,,,,,,,,,,,,,,,,,,,,,,
Total current assets,Vishay,(in Millions USD),"1,975.562","1,915.507","2,010.773","1,997.217","2,143.140","2,297.164","2,440.126","2,395.252","2,305.895","2,121.210","2,110.289","2,070.420",,,,,,,,,,,,,,,,,,,,,,,,,,,,,,,,,,,,,,,,
"Property and equipment, at cost:",Vishay,(in Millions USD),,,,,,,,,,,,,,,,,,,,,,,,,,,,,,,,,,,,,,,,,,,,,,,,,,,,
Land,Vishay,(in Millions USD),84.827,84.124,84.851,84.036,84.302,77.006,76.139,76.872,76.269,75.907,74.118,73.047,,,,,,,,,,,,,,,,,,,,,,,,,,,,,,,,,,,,,,,,
Buildings and improvements,Vishay,(in Millions USD),784.132,766.058,769.865,752.194,744.328,719.387,692.037,696.754,676.678,658.829,617.784,629.015,,,,,,,,,,,,,,,,,,,,,,,,,,,,,,,,,,,,,,,,
Machinery and equipment,Vishay,(in Millions USD),"3,336.823","3,259.213","3,291.983","3,226.301","3,171.593","3,053.868","2,973.943","2,961.214","2,910.769","2,857.636","2,743.049","2,750.175",,,,,,,,,,,,,,,,,,,,,,,,,,,,,,,,,,,,,,,,
Total assets,Vishay,(in Millions USD),"4,200.242","4,110.696","4,220.358","4,152.701","4,264.064","4,239.923","4,241.207","4,187.461","4,062.668","3,865.653","3,620.546","3,563.593",,,,,,,,,,,,,,,,,,,,,,,,,,,,,,,,,,,,,,,,
Liabilities and equity,Vishay,(in Millions USD),,,,,,,,,,,,,,,,,,,,,,,,,,,,,,,,,,,,,,,,,,,,,,,,,,,,
Trade accounts payable,Vishay,(in Millions USD),211.378,216.313,209.864,198.527,197.513,191.002,207.440,234.004,219.802,189.099,223.898,243.496,,,,,,,,,,,,,,,,,,,,,,,,,,,,,,,,,,,,,,,,
Other accrued expenses,Vishay,(in Millions USD),262.649,264.471,275.159,241.961,258.773,239.350,238.565,249.382,246.529,261.606,220.542,214.865,,,,,,,,,,,,,,,,,,,,,,,,,,,,,,,,,,,,,,,,
Income taxes,Vishay,(in Millions USD),51.994,64.562,51.052,49.546,72.018,73.098,82.734,83.910,97.307,84.155,84.571,62.592,,,,,,,,,,,,,,,,,,,,,,,,,,,,,,,,,,,,,,,,
Total current liabilities,Vishay,(in Millions USD),705.401,708.348,714.426,669.959,709.344,691.875,716.949,758.374,749.254,726.258,716.964,704.102,,,,,,,,,,,,,,,,,,,,,,,,,,,,,,,,,,,,,,,,
Current Ratio,Vishay,(in Millions USD),2.80,2.70,2.81,2.98,3.02,3.32,3.40,3.16,3.08,2.92,2.94,2.94,,,,,,,,,,,,,,,,,,,,,,,,,,,,,,,,,,,,,,,,
Quick Ratio,Vishay,(in Millions USD),1.48,1.42,1.52,1.66,1.76,2.07,2.26,2.05,1.97,1.83,1.87,1.81,,,,,,,,,,,,,,,,,,,,,,,,,,,,,,,,,,,,,,,,
Long-term debt,Vishay,(in Millions USD),93.150,94.218,101.012,98.907,103.594,102.830,103.223,107.149,107.221,108.493,95.747,92.208,,,,,,,,,,,,,,,,,,,,,,,,,,,,,,,,,,,,,,,,
Other liabilities,Vishay,(in Millions USD),103.968,104.086,105.834,85.306,88.719,87.918,92.896,98.693,94.216,92.530,84.575,88.554,,,,,,,,,,,,,,,,,,,,,,,,,,,,,,,,,,,,,,,,
Total liabilities,Vishay,(in Millions USD),"2,168.110","2,081.734","2,046.795","1,971.255","2,076.836","2,039.117","2,098.684","1,973.019","1,915.351","1,815.503","1,720.265","1,723.182",,,,,,,,,,,,,,,,,,,,,,,,,,,,,,,,,,,,,,,,
Total stockholders’ equity,Vishay,(in Millions USD),"2,032.132","2,028.962","2,167.666","2,175.855","2,181.984","2,196.081","2,138.280","2,210.625","2,143.010","2,046.251","1,896.795","1,837.419",,,,,,,,,,,,,,,,,,,,,,,,,,,,,,,,,,,,,,,,
Debt-to-Equity Ratio,Vishay,(in Millions USD),1.07,1.03,0.94,0.91,0.95,0.93,0.98,0.89,0.89,0.89,0.91,0.94,,,,,,,,,,,,,,,,,,,,,,,,,,,,,,,,,,,,,,,,
ROA (Return on Assets),Vishay,(in Millions USD),-0.10%,-1.61%,-0.45%,0.58%,0.74%,1.23%,1.56%,2.28%,2.76%,1.89%,3.88%,3.16%,,,,,,,,,,,,,,,,,,,,,,,,,,,,,,,,,,,,,,,,
ROE (Return on Equity),Vishay,(in Millions USD),-0.20%,-3.26%,-0.88%,1.10%,1.44%,2.37%,3.08%,4.32%,5.24%,3.58%,7.41%,6.14%,,,,,,,,,,,,,,,,,,,,,,,,,,,,,,,,,,,,,,,,
Total equity,Vishay,(in Millions USD),"2,032.132","2,028.962","2,173.563","2,181.446","2,187.228","2,200.806","2,142.523","2,214.442","2,147.317","2,050.150","1,900.281","1,840.411",,,,,,,,,,,,,,,,,,,,,,,,,,,,,,,,,,,,,,,,
Total liabilities and equity,Vishay,(in Millions USD),"4,200.242","4,110.696","4,220.358","4,152.701","4,264.064","4,239.923","4,241.207","4,187.461","4,062.668","3,865.653","3,620.546","3,563.593",,,,,,,,,,,,,,,,,,,,,,,,,,,,,,,,,,,,,,,,
Revenue,Infineon,(in Millions USD),4032.3339,"3,553.26","4,160.53","4,056.87","3,905.56","3,981.95","4,500.96","4,477.99","4,537.24","4,310.03","4,276.57","3,679.69",,,,,,,,,,,,,,,,,,,,,,,,,,,,,,,,,,,,,,,,
Revenue QOQ,Infineon,(in Millions USD),1.1229,-12.63%,5.86%,1.93%,-1.89%,-10.77%,1.47%,-0.73%,4.25%,-4.63%,14.51%,9.70%,,,,,,,,,,,,,,,,,,,,,,,,,,,,,,,,,,,,,,,,
Cost of Goods Sold,Infineon,(in Millions USD),2470.38,"2,159.56","2,487.40","2,424.04","2,396.89","2,262.03","2,540.67","2,483.75","2,422.29","2,274.46","2,378.28","2,089.02",,,,,,,,,,,,,,,,,,,,,,,,,,,,,,,,,,,,,,,,
COGS as % of Revenue,Infineon,(in Millions USD),61.26%,60.78%,59.79%,59.75%,61.37%,56.81%,56.45%,55.47%,53.39%,52.77%,55.61%,56.77%,,,,,,,,,,,,,,,,,,,,,,,,,,,,,,,,,,,,,,,,
Gross Profit,Infineon,(in Millions USD),1561.9539,"1,393.70","1,673.13","1,632.83","1,508.67","1,719.92","1,960.29","1,994.23","2,114.96","2,035.56","1,898.29","1,590.67",,,,,,,,,,,,,,,,,,,,,,,,,,,,,,,,,,,,,,,,
Gross Margin,Infineon,(in Millions USD),38.74%,39.22%,40.21%,40.25%,38.63%,43.19%,43.55%,44.53%,46.61%,47.23%,44.39%,43.23%,,,,,,,,,,,,,,,,,,,,,,,,,,,,,,,,,,,,,,,,
Capital Expenditure,Infineon,(in Millions USD),445.7913,,,,,,,,,,,,,,,,,,,,,,,,,,,,,,,,,,,,,,,,,,,,,,,,,,,
Research and development (R&D),Infineon,(in Millions USD),627.7011,564.54,506.40,557.79,523.68,550.72,561.94,543.18,536.45,527.98,501.67,473.95,,,,,,,,,,,,,,,,,,,,,,,,,,,,,,,,,,,,,,,,
SG&A (incl. Marketing),Infineon,(in Millions USD),422.2104,409.91,417.22,427.39,403.25,424.87,432.85,433.67,434.01,447.26,466.57,421.06,,,,,,,,,,,,,,,,,,,,,,,,,,,,,,,,,,,,,,,,
Other operating expenses,Infineon,(in Millions USD),179.664,154.62,260.10,90.96,62.37,13.98,10.85,0.00,0.00,0.00,17.55,12.20,,,,,,,,,,,,,,,,,,,,,,,,,,,,,,,,,,,,,,,,
R&D as % of Revenue,Infineon,(in Millions USD),15.57%,15.89%,12.17%,13.75%,13.41%,13.83%,12.48%,12.13%,11.82%,12.25%,11.73%,12.88%,,,,,,,,,,,,,,,,,,,,,,,,,,,,,,,,,,,,,,,,
SGM&A as % of Revenue,Infineon,(in Millions USD),10.47%,11.54%,10.03%,10.53%,10.32%,10.67%,9.62%,9.68%,9.57%,10.38%,10.91%,11.44%,,,,,,,,,,,,,,,,,,,,,,,,,,,,,,,,,,,,,,,,
Operating Profit (EBIT),Infineon,(in Millions USD),357.08,330.00,502.15,568.75,533.36,755.09,989.36,"1,090.75","1,181.95","1,053.78",949.66,701.76,,,,,,,,,,,,,,,,,,,,,,,,,,,,,,,,,,,,,,,,
Interest expense,Infineon,(in Millions USD),,,,,,,,,,,,,,,,,,,,,,,,,,,,,,,,,,,,,,,,,,,,,,,,,,,,
Interest income,Infineon,(in Millions USD),,,,,,,,,,,,,,,,,,,,,,,,,,,,,,,,,,,,,,,,,,,,,,,,,,,,
Net Profit/Income,Infineon,(in Millions USD),260.51,255.29,-89.18,441.63,423.68,631.39,816.88,910.05,909.87,794.15,758.70,525.81,,,,,,,,,,,,,,,,,,,,,,,,,,,,,,,,,,,,,,,,
Net Profit Margin,Infineon,(in Millions USD),6.46%,7.18%,-2.14%,10.89%,10.85%,15.86%,18.15%,20.32%,20.05%,18.43%,17.74%,14.29%,,,,,,,,,,,,,,,,,,,,,,,,,,,,,,,,,,,,,,,,
EBITDA,Infineon,(in Millions USD),899.44,835.39,"1,004.30","1,083.81","1,045.21","1,245.57","1,477.54","1,573.70","1,660.02","1,521.76","1,406.94","1,130.96",,,,,,,,,,,,,,,,,,,,,,,,,,,,,,,,,,,,,,,,
Revenue by Business segment (EUR): ,Infineon,(in Millions USD),,,,,,,,,,,,,,,,,,,,,,,,,,,,,,,,,,,,,,,,,,,,,,,,,,,,
Automotive (ATV),Infineon,(in Millions USD),2086.35,"1,991.44","2,281.44","2,314.46","2,234.51","2,242.67","2,345.40","2,331.53","2,291.20","2,042.11","1,996.35","1,730.00",,,,,,,,,,,,,,,,,,,,,,,,,,,,,,,,,,,,,,,,
Green Industrial Power (GIP),Infineon,(in Millions USD),445.79,352.84,534.00,520.53,504.33,523.83,631.37,618.75,614.66,545.44,559.47,443.43,,,,,,,,,,,,,,,,,,,,,,,,,,,,,,,,,,,,,,,,
Power & Sensor Systems (PSS),Infineon,(in Millions USD),1099.32,850.96,914.06,820.80,766.70,822.85,989.36,"1,004.23","1,018.92","1,137.78","1,206.69","1,038.41",,,,,,,,,,,,,,,,,,,,,,,,,,,,,,,,,,,,,,,,
Connected Secure Systems (CSS),Infineon,(in Millions USD),399.75,356.99,431.02,401.08,398.94,391.53,531.57,519.09,605.85,579.25,507.86,463.77,,,,,,,,,,,,,,,,,,,,,,,,,,,,,,,,,,,,,,,,
Cash and cash equivalents,Infineon,(in Millions USD),1364.32,"1,301.34","1,917.30","1,911.18","1,920.52","1,728.52","1,974.39","1,665.69","1,567.49","1,550.13","1,484.36","1,621.18",,,,,,,,,,,,,,,,,,,,,,,,,,,,,,,,,,,,,,,,
Short-term investments,Infineon,(in Millions USD),530.01,729.54,419.34,658.61,857.03,"1,188.56","1,920.15","1,604.37","2,228.42","2,494.82","2,352.47","2,008.67",,,,,,,,,,,,,,,,,,,,,,,,,,,,,,,,,,,,,,,,
Accounts receivable,Infineon,(in Millions USD),2264.89,"2,136.73","2,388.67","2,347.33","2,150.64","1,874.81","2,159.90","2,205.59","2,159.02","1,917.75","1,947.84","1,759.50",,,,,,,,,,,,,,,,,,,,,,,,,,,,,,,,,,,,,,,,
Inventories,Infineon,(in Millions USD),4865.53,"4,550.53","4,235.90","4,853.56","4,735.71","4,657.43","4,311.11","4,111.12","3,854.29","3,533.33","3,180.33","2,882.32",,,,,,,,,,,,,,,,,,,,,,,,,,,,,,,,,,,,,,,,
Inventories as a % of Revenue,Infineon,(in Millions USD),120.66%,128.07%,101.81%,119.64%,121.26%,116.96%,95.78%,91.81%,84.95%,81.98%,74.37%,78.33%,,,,,,,,,,,,,,,,,,,,,,,,,,,,,,,,,,,,,,,,
Total current assets,Infineon,(in Millions USD),10783.21,"10,312.12","10,396.54","11,288.45","11,019.88","10,694.89","11,599.00","10,762.94","10,828.14","10,421.08","9,757.76","9,143.28",,,,,,,,,,,,,,,,,,,,,,,,,,,,,,,,,,,,,,,,
"Property, plant and equipment, net",Infineon,(in Millions USD),9195.43,"8,585.31","8,495.16","8,522.50","8,099.31","7,857.40","7,642.63","6,957.36","6,549.76","6,280.14","5,723.77","5,104.57",,,,,,,,,,,,,,,,,,,,,,,,,,,,,,,,,,,,,,,,
Total assets,Infineon,(in Millions USD),32496.73,"30,852.31","30,404.02","32,189.79","31,285.36","30,518.57","30,851.48","29,314.44","29,119.21","28,683.34","27,779.64","25,848.33",,,,,,,,,,,,,,,,,,,,,,,,,,,,,,,,,,,,,,,,
Trade payable,Infineon,(in Millions USD),2216.60,"2,184.46","2,112.64","2,140.21","2,153.87","2,323.34","2,999.55","2,401.62","2,289.00","2,222.10","2,332.86","1,894.76",,,,,,,,,,,,,,,,,,,,,,,,,,,,,,,,,,,,,,,,
Total current liabilities,Infineon,(in Millions USD),5411.26,"5,205.35","5,463.15","5,962.57","6,131.47","5,805.12","6,149.90","5,577.50","5,746.73","5,705.25","5,768.16","5,110.68",,,,,,,,,,,,,,,,,,,,,,,,,,,,,,,,,,,,,,,,
Current Ratio,Infineon,(in Millions USD),1.99,1.98,1.90,1.89,1.80,1.84,1.89,1.93,1.88,1.83,1.69,1.79,,,,,,,,,,,,,,,,,,,,,,,,,,,,,,,,,,,,,,,,
Quick Ratio,Infineon,(in Millions USD),0.77,0.66,0.79,0.71,0.66,0.62,0.67,0.69,0.65,0.61,0.60,0.66,,,,,,,,,,,,,,,,,,,,,,,,,,,,,,,,,,,,,,,,
Long-term debt,Infineon,(in Millions USD),5744.7564,"4,610.72","4,576.69","4,807.54","4,697.00",0.00,"4,776.51","4,771.48","5,150.80","5,143.45","5,068.30","5,392.40",,,,,,,,,,,,,,,,,,,,,,,,,,,,,,,,,,,,,,,,
Total liabilities,Infineon,(in Millions USD),13283.907,"11,928.94","12,123.81","12,764.58","12,787.71","11,981.33","12,361.64","11,784.69","12,386.82","12,392.28","12,353.85","12,019.50",,,,,,,,,,,,,,,,,,,,,,,,,,,,,,,,,,,,,,,,
Total stockholders’ equity,Infineon,(in Millions USD),19212.819,"18,923.37","18,280.21","19,425.21","18,497.65","18,537.24","18,489.84","17,529.75","16,732.39","16,291.05","15,425.79","13,828.83",,,,,,,,,,,,,,,,,,,,,,,,,,,,,,,,,,,,,,,,
Debt-to-Equity Ratio,Infineon,(in Millions USD),0.30,0.63,0.66,0.66,0.69,0.65,0.67,0.67,0.74,0.76,0.80,0.87,,,,,,,,,,,,,,,,,,,,,,,,,,,,,,,,,,,,,,,,
ROA (Return on Assets),Infineon,(in Millions USD),0.80%,0.83%,-0.29%,1.37%,1.35%,2.07%,2.65%,3.10%,3.12%,2.77%,2.73%,2.03%,,,,,,,,,,,,,,,,,,,,,,,,,,,,,,,,,,,,,,,,
ROE (Return on Equity),Infineon,(in Millions USD),1.36%,1.35%,-0.49%,2.27%,2.29%,3.41%,4.42%,5.19%,5.44%,4.87%,4.92%,3.80%,,,,,,,,,,,,,,,,,,,,,,,,,,,,,,,,,,,,,,,,
Total liabilities and stockholders’ equity,Infineon,(in Millions USD),257076.73,"30,852.31","30,404.02","32,189.79","31,285.36","30,518.57","30,851.48","29,314.44","29,119.21","28,683.34","27,779.64","25,848.33",,,,,,,,,,,,,,,,,,,,,,,,,,,,,,,,,,,,,,,,
Depreciation and amortization,Infineon,(in Millions USD),542.36,505.38,502.15,515.05,511.85,490.48,488.17,482.95,478.07,467.98,457.28,429.20,,,,,,,,,,,,,,,,,,,,,,,,,,,,,,,,,,,,,,,,
EBITDA,Infineon,(in Millions EUR),805.00,946.00,989.00,972.00,"1,158.00","1,362.00","1,437.00","1,507.00","1,395.00","1,363.00","1,112.00","1,023.00",,,,,,,,,,,,,,,,,,,,,,,,,,,,,,,,,,,,,,,,
"Effect of exchange rate changes on cash, cash equivalents and restricted cash",Infineon,(in Millions USD),1.1229,15.57,-8.49,1.10,2.15,-7.53,5.42,-5.48,2.20,-15.27,28.90,-17.29,,,,,,,,,,,,,,,,,,,,,,,,,,,,,,,,,,,,,,,,
"Cash, cash equivalents and restricted cash, beginning of period ",Infineon,(in Millions USD),1.1229,"1,874.18","1,851.48","1,957.21","1,728.04","1,957.63","1,650.03","1,558.37","1,567.49","1,568.67","1,645.39","1,305.89",,,,,,,,,,,,,,,,,,,,,,,,,,,,,,,,,,,,,,,,
"Cash, cash equivalents and restricted cash, end of period ",Infineon,(in Millions USD),1.1229,"1,301.34","1,917.30","1,911.18","1,920.52","1,728.52","1,974.39","1,665.69","1,565.29","1,550.13","1,484.36","1,621.18",,,,,,,,,,,,,,,,,,,,,,,,,,,,,,,,,,,,,,,,
Weighted average shares outstanding - basic,Infineon,(in Millions USD),1458.6471,"1,299.00","1,299.00",,"1,302.00","1,304.00","1,304.00","1,304.00","1,302.00","1,302.00","1,302.00","1,302.00",,,,,,,,,,,,,,,,,,,,,,,,,,,,,,,,,,,,,,,,
        Basic earnings per share from continuing operations,Infineon,(in Millions USD),0.18,0.18,0.29,0.31,0.30,0.45,0.57,0.64,0.63,0.55,0.56,0.40,,,,,,,,,,,,,,,,,,,,,,,,,,,,,,,,,,,,,,,,
        Basic earnings per share from discontinued operations,Infineon,(in Millions USD),,,-0.36,-0.01,,-0.01,,-0.01,,,,-0.01,,,,,,,,,,,,,,,,,,,,,,,,,,,,,,,,,,,,,,,,
Basic earnings per share ,Infineon,(in Millions USD),0.18,0.18,-0.07,0.30,0.30,0.44,0.57,0.63,0.63,0.55,0.56,0.39,,,,,,,,,,,,,,,,,,,,,,,,,,,,,,,,,,,,,,,,
Weighted average shares outstanding - diluted,Infineon,(in Millions USD),1467.6303,"1,305.00","1,304.00",,"1,307.00","1,308.00","1,308.00","1,308.00","1,305.00","1,305.00","1,304.00","1,304.00",,,,,,,,,,,,,,,,,,,,,,,,,,,,,,,,,,,,,,,,
       Diluted earnings per share from continuing operations,Infineon,(in Millions USD),0.17,0.18,0.29,0.30,0.30,0.45,0.57,0.63,0.63,0.55,0.56,0.40,,,,,,,,,,,,,,,,,,,,,,,,,,,,,,,,,,,,,,,,
       Diluted earnings per share from discontinued operations,Infineon,(in Millions USD),,,-0.36,,,-0.01,,,,,,-0.01,,,,,,,,,,,,,,,,,,,,,,,,,,,,,,,,,,,,,,,,
Diluted earnings per share ,Infineon,(in Millions USD),0.17,0.18,0.07,0.30,0.30,0.44,0.57,0.63,0.63,0.55,0.56,0.39,,,,,,,,,,,,,,,,,,,,,,,,,,,,,,,,,,,,,,,,
Revenue,Rohm,(In millions USD),704.34,725.84,737.07,812.56,727.86,787.60,787.50,844.27,871.51,"1,012.53",906.26,930.83,,,,,,,,,,,,,,,,,,,,,,,,,,,,,,,,,,,,,,,,
Revenue QOQ,Rohm,(In millions USD),-2.96%,-1.52%,-9.29%,11.64%,-7.59%,0.01%,-6.72%,-3.13%,-13.93%,11.73%,-2.64%,6.52%,,,,,,,,,,,,,,,,,,,,,,,,,,,,,,,,,,,,,,,,
Cost of Goods Sold,Rohm,(In millions USD),707.39,609.70,561.52,609.19,531.40,548.75,533.88,550.66,543.92,619.96,552.55,586.35,,,,,,,,,,,,,,,,,,,,,,,,,,,,,,,,,,,,,,,,
COGS as % of Revenue,Rohm,(In millions USD),100.43%,84.00%,76.18%,74.97%,73.01%,69.67%,67.79%,65.22%,62.41%,61.23%,60.97%,62.99%,,,,,,,,,,,,,,,,,,,,,,,,,,,,,,,,,,,,,,,,
Gross Profit,Rohm,(In millions USD),-3.05,116.13,175.55,203.37,196.46,238.86,253.63,293.60,327.59,392.57,353.71,344.48,,,,,,,,,,,,,,,,,,,,,,,,,,,,,,,,,,,,,,,,
Gross Margin,Rohm,(In millions USD),-0.43%,16.00%,23.82%,25.03%,26.99%,30.33%,32.21%,34.78%,37.59%,38.77%,39.03%,37.01%,,,,,,,,,,,,,,,,,,,,,,,,,,,,,,,,,,,,,,,,
SG&A (incl. Marketing),Rohm,(In millions USD),193.56,181.26,190.11,194.63,179.17,165.29,173.39,169.29,202.46,198.14,166.28,176.89,,,,,,,,,,,,,,,,,,,,,,,,,,,,,,,,,,,,,,,,
Research and development (R&D),Rohm,(In millions USD),80.43,76.35,68.50,69.73,75.62,74.54,68.22,67.27,81.11,59.54,61.48,62.24,,,,,,,,,,,,,,,,,,,,,,,,,,,,,,,,,,,,,,,,
R&D as % of Revenue,Rohm,(In millions USD),11.42%,10.52%,9.29%,8.58%,10.39%,9.46%,8.66%,7.97%,9.31%,5.88%,6.78%,6.69%,,,,,,,,,,,,,,,,,,,,,,,,,,,,,,,,,,,,,,,,
SGM&A as % of Revenue,Rohm,(In millions USD),27.48%,24.97%,25.79%,23.95%,24.62%,20.99%,22.02%,20.05%,23.23%,19.57%,18.35%,19.00%,,,,,,,,,,,,,,,,,,,,,,,,,,,,,,,,,,,,,,,,
Operating Profit (EBIT),Rohm,(In millions USD),-196.61,-65.13,-14.54,8.72,17.30,73.56,80.24,124.30,125.13,194.44,187.42,167.59,,,,,,,,,,,,,,,,,,,,,,,,,,,,,,,,,,,,,,,,
Interest income ,Rohm,(In millions USD),11.17,14.01,13.93,13.50,11.05,10.54,10.25,8.36,9.65,7.56,5.34,3.27,,,,,,,,,,,,,,,,,,,,,,,,,,,,,,,,,,,,,,,,
Total non-operating income ,Rohm,(In millions USD),1.26,35.24,-4.79,57.12,42.66,-3.87,66.06,73.01,15.80,-41.70,52.60,95.22,,,,,,,,,,,,,,,,,,,,,,,,,,,,,,,,,,,,,,,,
Interest expenses ,Rohm,(In millions USD),2.35,2.04,1.19,1.32,0.94,1.36,0.30,0.32,0.24,0.29,0.19,0.26,,,,,,,,,,,,,,,,,,,,,,,,,,,,,,,,,,,,,,,,
Total non-operating expenses ,Rohm,(In millions USD),8.28,-32.76,41.43,2.30,1.28,1.55,0.47,0.37,0.27,0.25,0.33,0.47,,,,,,,,,,,,,,,,,,,,,,,,,,,,,,,,,,,,,,,,
Ordinary profit (loss) ,Rohm,(In millions USD),-203.61,2.87,-60.78,63.55,58.68,68.15,145.83,196.96,140.67,152.49,239.69,262.34,,,,,,,,,,,,,,,,,,,,,,,,,,,,,,,,,,,,,,,,
Extraordinary income ,Rohm,(In millions USD),0.00,0.00,0.00,0.00,0.00,0.00,0.00,0.00,0.00,0.00,0.00,0.00,,,,,,,,,,,,,,,,,,,,,,,,,,,,,,,,,,,,,,,,
Total extraordinary income ,Rohm,(In millions USD),49.30,3.30,41.41,0.30,64.66,0.27,13.28,13.85,0.40,0.09,6.73,2.00,,,,,,,,,,,,,,,,,,,,,,,,,,,,,,,,,,,,,,,,
Total extraordinary losses ,Rohm,(In millions USD),270.32,3.87,4.26,0.95,72.03,1.61,0.91,0.22,6.19,0.47,0.38,3.01,,,,,,,,,,,,,,,,,,,,,,,,,,,,,,,,,,,,,,,,
Profit (loss) before income taxes ,Rohm,(In millions USD),-424.62,2.29,-23.63,62.87,51.30,66.88,158.21,210.58,134.89,152.11,246.03,261.33,,,,,,,,,,,,,,,,,,,,,,,,,,,,,,,,,,,,,,,,
Income taxes - current ,Rohm,(In millions USD),40.60,7.05,-7.14,0.16,-13.79,-4.18,37.19,59.86,40.38,39.64,69.93,59.70,,,,,,,,,,,,,,,,,,,,,,,,,,,,,,,,,,,,,,,,
Income taxes - deferred ,Rohm,(In millions USD),-124.16,7.09,-7.40,38.84,7.73,18.02,7.44,9.16,2.44,-10.56,1.12,7.33,,,,,,,,,,,,,,,,,,,,,,,,,,,,,,,,,,,,,,,,
Total income taxes ,Rohm,(In millions USD),-83.57,14.14,-14.54,38.99,-6.05,13.84,44.63,69.02,42.82,29.07,71.04,67.03,,,,,,,,,,,,,,,,,,,,,,,,,,,,,,,,,,,,,,,,
Net Profit/Income,Rohm,(In millions USD),-341.07,-11.85,-9.07,23.87,57.35,53.05,113.56,141.55,92.06,123.02,174.99,194.30,,,,,,,,,,,,,,,,,,,,,,,,,,,,,,,,,,,,,,,,
Net Profit Margin,Rohm,(In millions USD),-48.42%,-1.63%,-1.23%,2.94%,7.88%,6.74%,14.42%,16.77%,10.56%,12.15%,19.31%,20.87%,,,,,,,,,,,,,,,,,,,,,,,,,,,,,,,,,,,,,,,,
Profit attributable to non-controlling interests,Rohm,(In millions USD),-0.01,0.12,-0.03,0.08,0.09,0.02,0.06,0.11,0.06,0.02,0.04,0.07,,,,,,,,,,,,,,,,,,,,,,,,,,,,,,,,,,,,,,,,
Profit (loss) attributable to owners of parent,Rohm,(In millions USD),-341.07,-11.97,-9.04,23.79,57.26,53.03,113.51,141.43,92.00,122.99,174.94,194.22,,,,,,,,,,,,,,,,,,,,,,,,,,,,,,,,,,,,,,,,
Other comprehensive income ,Rohm,(In millions USD),0.00,0.00,0.00,0.00,0.00,0.00,0.00,0.00,0.00,0.00,0.00,0.00,,,,,,,,,,,,,,,,,,,,,,,,,,,,,,,,,,,,,,,,
Valuation difference on available-for-sale securities ,Rohm,(In millions USD),-17.86,-18.77,-57.90,22.20,4.12,-15.02,-46.42,52.38,107.57,-32.92,-4.52,-32.13,,,,,,,,,,,,,,,,,,,,,,,,,,,,,,,,,,,,,,,,
Foreign currency translation adjustment ,Rohm,(In millions USD),-159.62,197.75,-206.93,175.91,118.18,-78.88,57.04,162.65,34.59,-147.08,56.36,195.85,,,,,,,,,,,,,,,,,,,,,,,,,,,,,,,,,,,,,,,,
"Remeasurements of defined benefit plans, net of tax ",Rohm,(In millions USD),6.55,0.34,0.73,0.80,3.58,0.58,0.62,-0.10,-1.47,0.96,0.79,0.82,,,,,,,,,,,,,,,,,,,,,,,,,,,,,,,,,,,,,,,,
Total other comprehensive income ,Rohm,(In millions USD),-170.93,179.32,-264.09,198.90,125.88,-93.32,11.25,214.93,140.69,-179.04,52.63,164.54,,,,,,,,,,,,,,,,,,,,,,,,,,,,,,,,,,,,,,,,
Comprehensive income ,Rohm,(In millions USD),-512.00,167.46,-273.16,222.77,183.23,-40.28,124.82,356.49,154.20,-56.02,227.61,358.84,,,,,,,,,,,,,,,,,,,,,,,,,,,,,,,,,,,,,,,,
Comprehensive income attributable to owners of parent,Rohm,(In millions USD),-511.85,154.24,-272.92,222.64,183.00,-40.22,124.75,356.18,154.06,-55.95,227.59,358.61,,,,,,,,,,,,,,,,,,,,,,,,,,,,,,,,,,,,,,,,
Comprehensive income attributable to non-controlling interests,Rohm,(In millions USD),-0.15,0.32,-0.23,0.13,0.23,-0.06,0.07,0.30,0.14,-0.06,0.01,0.22,,,,,,,,,,,,,,,,,,,,,,,,,,,,,,,,,,,,,,,,
Cash and deposits ,Rohm,(In millions USD),"1,333.75","1,725.58","1,578.67","1,904.59","1,537.30","1,626.11","1,798.34","1,826.46","2,155.41","2,339.76","2,175.64","2,273.39",,,,,,,,,,,,,,,,,,,,,,,,,,,,,,,,,,,,,,,,
Accounts receivable ,Rohm,(In millions USD),524.30,538.70,542.00,629.22,574.60,607.36,648.47,733.30,743.79,843.48,758.79,808.23,,,,,,,,,,,,,,,,,,,,,,,,,,,,,,,,,,,,,,,,
Securities ,Rohm,(In millions USD),352.77,51.56,454.90,25.91,42.89,44.76,169.59,335.67,282.00,196.31,228.95,232.11,,,,,,,,,,,,,,,,,,,,,,,,,,,,,,,,,,,,,,,,
Work in process ,Rohm,(In millions USD),600.38,621.10,587.64,657.67,618.29,605.63,584.78,605.56,589.62,568.15,477.62,497.92,,,,,,,,,,,,,,,,,,,,,,,,,,,,,,,,,,,,,,,,
Raw materials and supplies ,Rohm,(In millions USD),487.59,553.77,549.11,563.21,487.84,490.14,458.74,455.62,459.42,468.27,404.29,423.43,,,,,,,,,,,,,,,,,,,,,,,,,,,,,,,,,,,,,,,,
Income taxes refund receivable ,Rohm,(In millions USD),23.97,20.62,4.13,53.06,51.97,31.41,2.87,12.04,13.95,16.78,7.43,8.18,,,,,,,,,,,,,,,,,,,,,,,,,,,,,,,,,,,,,,,,
Other ,Rohm,(In millions USD),170.08,151.86,136.40,150.69,133.94,134.37,109.30,132.43,130.80,126.20,101.31,130.42,,,,,,,,,,,,,,,,,,,,,,,,,,,,,,,,,,,,,,,,
Allowance for doubtful accounts ,Rohm,(In millions USD),-0.35,-0.37,-0.33,-0.55,-0.44,-0.48,-0.48,-0.44,-0.41,-0.40,-0.40,-0.42,,,,,,,,,,,,,,,,,,,,,,,,,,,,,,,,,,,,,,,,
Total current assets ,Rohm,(In millions USD),"3,807.46","3,972.90","4,179.18","4,356.28","3,829.71","3,974.11","4,207.57","4,553.00","4,841.39","5,016.39","4,523.95","4,756.11",,,,,,,,,,,,,,,,,,,,,,,,,,,,,,,,,,,,,,,,
"Property, plant and equipment",Rohm,(In millions USD),,,,,,,,,,,,,,,,,,,,,,,,,,,,,,,,,,,,,,,,,,,,,,,,,,,,
Buildings and structures,Rohm,(In millions USD),"2,740.05","2,478.12","2,308.59","2,465.43","2,239.53","2,249.17","2,130.35","2,245.12","2,278.89","2,293.94","1,975.18","2,160.93",,,,,,,,,,,,,,,,,,,,,,,,,,,,,,,,,,,,,,,,
"Machinery, equipment and vehicles ",Rohm,(In millions USD),"6,175.34","6,007.85","5,752.96","6,194.53","5,548.87","5,590.38","5,346.44","5,500.42","5,520.86","5,641.83","4,854.65","5,214.57",,,,,,,,,,,,,,,,,,,,,,,,,,,,,,,,,,,,,,,,
"Tools, furniture and fixtures ",Rohm,(In millions USD),467.69,445.17,448.42,475.97,427.74,441.34,429.61,447.09,454.05,463.69,405.40,442.87,,,,,,,,,,,,,,,,,,,,,,,,,,,,,,,,,,,,,,,,
Land ,Rohm,(In millions USD),486.11,465.27,465.21,495.77,463.99,494.40,474.22,483.27,505.51,529.62,457.16,511.92,,,,,,,,,,,,,,,,,,,,,,,,,,,,,,,,,,,,,,,,
Construction in progress ,Rohm,(In millions USD),532.53,675.40,715.05,691.36,681.08,534.18,469.35,450.44,438.84,398.01,337.56,328.54,,,,,,,,,,,,,,,,,,,,,,,,,,,,,,,,,,,,,,,,
Other ,Rohm,(In millions USD),63.08,62.99,58.24,67.00,59.52,61.69,61.45,64.81,65.00,69.69,63.67,68.82,,,,,,,,,,,,,,,,,,,,,,,,,,,,,,,,,,,,,,,,
Depreciation and amortization,Rohm,(In millions USD),"-7,131.77","-6,846.76","-6,578.19","-7,027.17","-6,330.23","-6,435.80","-6,236.04","-6,493.63","-6,570.16","-6,815.45","-5,912.56","-6,425.02",,,,,,,,,,,,,,,,,,,,,,,,,,,,,,,,,,,,,,,,
"Total property, plant and equipment ",Rohm,(In millions USD),"3,333.02","3,288.05","3,170.27","3,362.89","3,090.50","2,935.37","2,675.39","2,697.52","2,692.99","2,581.33","2,181.06","2,302.63",,,,,,,,,,,,,,,,,,,,,,,,,,,,,,,,,,,,,,,,
Intangible assets,Rohm,(In millions USD),0.00,0.00,0.00,0.00,0.00,0.00,0.00,0.00,0.00,0.00,0.00,0.00,,,,,,,,,,,,,,,,,,,,,,,,,,,,,,,,,,,,,,,,
Goodwill ,Rohm,(In millions USD),#VALUE!,#VALUE!,0.32,0.85,1.28,1.86,2.29,2.96,3.68,4.44,4.34,5.36,,,,,,,,,,,,,,,,,,,,,,,,,,,,,,,,,,,,,,,,
Other ,Rohm,(In millions USD),43.21,43.45,46.34,52.42,52.08,56.56,48.99,53.99,38.68,34.07,28.95,33.88,,,,,,,,,,,,,,,,,,,,,,,,,,,,,,,,,,,,,,,,
Total intangible assets ,Rohm,(In millions USD),43.21,43.45,46.66,53.27,53.35,58.41,51.29,56.95,42.36,38.50,33.29,39.24,,,,,,,,,,,,,,,,,,,,,,,,,,,,,,,,,,,,,,,,
Investments and other assets,Rohm,(In millions USD),0.00,0.00,0.00,0.00,0.00,0.00,0.00,0.00,0.00,0.00,0.00,0.00,,,,,,,,,,,,,,,,,,,,,,,,,,,,,,,,,,,,,,,,
Investment securities ,Rohm,(In millions USD),"2,384.65","2,289.52","2,327.40","2,584.15","2,414.13","2,537.65","2,490.93",610.68,569.85,562.64,519.36,594.28,,,,,,,,,,,,,,,,,,,,,,,,,,,,,,,,,,,,,,,,
Retirement benefit asset ,Rohm,(In millions USD),30.14,20.40,20.38,21.66,20.09,13.37,12.84,13.51,13.88,25.18,22.11,24.21,,,,,,,,,,,,,,,,,,,,,,,,,,,,,,,,,,,,,,,,
Deferred tax assets ,Rohm,(In millions USD),85.19,66.81,62.98,68.76,65.97,56.63,54.35,55.55,56.73,90.09,82.60,95.68,,,,,,,,,,,,,,,,,,,,,,,,,,,,,,,,,,,,,,,,
Other ,Rohm,(In millions USD),90.92,98.58,97.17,108.92,100.73,108.53,99.47,108.11,102.07,103.37,66.20,73.69,,,,,,,,,,,,,,,,,,,,,,,,,,,,,,,,,,,,,,,,
Total investments and other assets ,Rohm,(In millions USD),"2,590.43","2,474.85","2,507.51","2,780.12","2,596.91","2,711.91","2,653.41",783.40,738.88,780.74,689.77,787.32,,,,,,,,,,,,,,,,,,,,,,,,,,,,,,,,,,,,,,,,
Total non-current assets ,Rohm,(In millions USD),"5,966.66","5,806.35","5,724.44","6,196.27","5,740.77","5,705.70","5,380.08","3,537.87","3,474.23","3,400.58","2,904.12","3,129.18",,,,,,,,,,,,,,,,,,,,,,,,,,,,,,,,,,,,,,,,
Total assets ,Rohm,(In millions USD),"9,774.12","9,779.25","9,903.62","10,552.55","9,570.47","9,679.81","9,587.66","8,090.87","8,315.62","8,416.97","7,428.07","7,885.29",,,,,,,,,,,,,,,,,,,,,,,,,,,,,,,,,,,,,,,,
Notes and accounts payable - trade ,Rohm,(In millions USD),132.52,120.68,118.29,122.95,104.24,110.78,111.29,106.61,119.61,136.68,122.43,139.51,,,,,,,,,,,,,,,,,,,,,,,,,,,,,,,,,,,,,,,,
Electronically recorded obligations - operating,Rohm,(In millions USD),22.18,20.73,19.74,25.38,24.98,25.03,22.52,27.06,30.44,31.40,29.41,37.39,,,,,,,,,,,,,,,,,,,,,,,,,,,,,,,,,,,,,,,,
Accounts payable - other,Rohm,(In millions USD),431.48,287.36,210.08,257.69,430.55,296.77,282.49,313.76,400.40,248.27,203.90,213.34,,,,,,,,,,,,,,,,,,,,,,,,,,,,,,,,,,,,,,,,
Income taxes payable ,Rohm,(In millions USD),15.16,25.28,31.77,35.59,33.27,35.16,98.02,70.32,158.08,144.37,128.13,72.21,,,,,,,,,,,,,,,,,,,,,,,,,,,,,,,,,,,,,,,,
Short-term borrowings ,Rohm,(In millions USD),678.40,644.50,648.00,"1,030.50","1,938.30","2,040.30","1,982.70",#VALUE!,#VALUE!,#VALUE!,#VALUE!,#VALUE!,,,,,,,,,,,,,,,,,,,,,,,,,,,,,,,,,,,,,,,,
Current portion of bonds payable ,Rohm,(In millions USD),#VALUE!,#VALUE!,259.43,275.39,259.32,273.30,#VALUE!,#VALUE!,#VALUE!,#VALUE!,#VALUE!,#VALUE!,,,,,,,,,,,,,,,,,,,,,,,,,,,,,,,,,,,,,,,,
Other ,Rohm,(In millions USD),210.17,251.19,245.55,272.79,220.24,211.47,239.62,269.69,267.96,289.15,258.84,271.47,,,,,,,,,,,,,,,,,,,,,,,,,,,,,,,,,,,,,,,,
Total current liabilities,Rohm,(In millions USD),"1,489.91","1,349.74","1,532.86","2,020.28","3,010.91","2,992.81","2,736.63",787.43,976.49,849.88,742.71,733.92,,,,,,,,,,,,,,,,,,,,,,,,,,,,,,,,,,,,,,,,
Current Ratio,Rohm,(In millions USD),2.56,2.94,2.73,2.16,1.27,1.33,1.54,5.78,4.96,5.90,6.09,6.48,,,,,,,,,,,,,,,,,,,,,,,,,,,,,,,,,,,,,,,,
Quick Ratio,Rohm,(In millions USD),1.25,1.68,1.38,1.25,0.70,0.75,0.89,3.25,2.97,3.75,3.95,4.20,,,,,,,,,,,,,,,,,,,,,,,,,,,,,,,,,,,,,,,,
Bonds payable ,Rohm,(In millions USD),"1,356.80","1,289.00","1,296.00","1,374.00",#VALUE!,#VALUE!,265.92,283.05,298.61,313.95,271.84,301.22,,,,,,,,,,,,,,,,,,,,,,,,,,,,,,,,,,,,,,,,
Long term borrowings,Rohm,(In millions USD),678.40,644.50,648.00,0.00,0.00,#VALUE!,#VALUE!,#VALUE!,#VALUE!,#VALUE!,#VALUE!,#VALUE!,,,,,,,,,,,,,,,,,,,,,,,,,,,,,,,,,,,,,,,,
Deferred tax liabilities ,Rohm,(In millions USD),108.52,170.32,173.09,235.02,197.32,184.84,167.05,189.42,166.86,193.70,193.12,218.41,,,,,,,,,,,,,,,,,,,,,,,,,,,,,,,,,,,,,,,,
Retirement benefit liability ,Rohm,(In millions USD),86.77,83.24,80.78,86.20,78.73,78.97,76.17,79.45,80.09,89.31,76.81,84.94,,,,,,,,,,,,,,,,,,,,,,,,,,,,,,,,,,,,,,,,
Other ,Rohm,(In millions USD),18.31,22.22,24.75,29.83,28.63,30.01,28.22,32.00,16.40,15.25,14.54,16.32,,,,,,,,,,,,,,,,,,,,,,,,,,,,,,,,,,,,,,,,
Total non-current liabilities ,Rohm,(In millions USD),"2,248.79","2,209.28","2,222.62","1,725.05",304.67,293.82,537.36,583.92,561.95,612.21,556.31,620.88,,,,,,,,,,,,,,,,,,,,,,,,,,,,,,,,,,,,,,,,
Total liabilities ,Rohm,(In millions USD),"3,738.70","3,559.02","3,755.48","3,745.33","3,315.58","3,286.62","3,273.99","1,371.35","1,538.44","1,462.09","1,299.02","1,354.79",,,,,,,,,,,,,,,,,,,,,,,,,,,,,,,,,,,,,,,,
Net assets,Rohm,(In millions USD),0.00,0.00,0.00,0.00,0.00,0.00,0.00,0.00,0.00,0.00,0.00,0.00,,,,,,,,,,,,,,,,,,,,,,,,,,,,,,,,,,,,,,,,
Share capital ,Rohm,(In millions USD),590.00,560.52,563.56,597.48,561.91,591.48,574.78,611.04,643.83,676.10,584.69,647.05,,,,,,,,,,,,,,,,,,,,,,,,,,,,,,,,,,,,,,,,
Capital surplus ,Rohm,(In millions USD),694.70,659.99,663.57,703.51,661.82,696.65,676.98,719.57,758.19,796.18,688.54,761.94,,,,,,,,,,,,,,,,,,,,,,,,,,,,,,,,,,,,,,,,
Retained earnings ,Rohm,(In millions USD),"4,527.55","4,625.34","4,725.02","5,019.02","4,882.27","5,078.92","4,947.77","5,139.29","5,338.68","5,509.61","4,724.37","5,034.62",,,,,,,,,,,,,,,,,,,,,,,,,,,,,,,,,,,,,,,,
Treasury shares ,Rohm,(In millions USD),-277.03,-263.19,-264.62,-281.13,-386.74,-407.08,-395.58,-280.21,-295.23,-310.02,-268.09,-296.95,,,,,,,,,,,,,,,,,,,,,,,,,,,,,,,,,,,,,,,,
Total stockholders’ equity,Rohm,(In millions USD),"5,535.22","5,582.65","5,687.53","6,038.87","5,719.26","5,959.96","5,803.95","6,189.70","6,445.47","6,671.87","5,729.52","6,146.66",,,,,,,,,,,,,,,,,,,,,,,,,,,,,,,,,,,,,,,,
Debt-to-Equity Ratio,Rohm,(In millions USD),0.68,0.64,0.66,0.62,0.58,0.55,0.56,0.22,0.24,0.22,0.23,0.22,,,,,,,,,,,,,,,,,,,,,,,,,,,,,,,,,,,,,,,,
ROA (Return on Assets),Rohm,(In millions USD),-3.49%,-0.12%,-0.09%,0.23%,0.60%,0.55%,1.18%,1.75%,1.11%,1.46%,2.36%,2.46%,,,,,,,,,,,,,,,,,,,,,,,,,,,,,,,,,,,,,,,,
ROE (Return on Equity),Rohm,(In millions USD),-6.16%,-0.21%,-0.16%,0.40%,1.00%,0.89%,1.96%,2.29%,1.43%,1.84%,3.05%,3.16%,,,,,,,,,,,,,,,,,,,,,,,,,,,,,,,,,,,,,,,,
Accumulated other comprehensive income,Rohm,(In millions USD),0.00,0.00,0.00,0.00,0.00,0.00,0.00,0.00,0.00,0.00,0.00,0.00,,,,,,,,,,,,,,,,,,,,,,,,,,,,,,,,,,,,,,,,
Valuation difference on available-for-sale securities,Rohm,(In millions USD),146.66,156.30,176.02,248.01,212.36,219.20,227.61,291.32,251.75,233.91,230.75,260.36,,,,,,,,,,,,,,,,,,,,,,,,,,,,,,,,,,,,,,,,
Foreign currency translation adjustment ,Rohm,(In millions USD),348.86,482.94,286.95,523.38,326.84,219.77,290.15,247.82,89.94,58.20,177.47,133.99,,,,,,,,,,,,,,,,,,,,,,,,,,,,,,,,,,,,,,,,
Remeasurements of defined benefit plans ,Rohm,(In millions USD),0.44,-5.80,-6.18,-7.32,-7.64,-11.81,-12.03,-13.45,-14.07,-13.23,-12.28,-14.46,,,,,,,,,,,,,,,,,,,,,,,,,,,,,,,,,,,,,,,,
Total accumulated other comprehensive income,Rohm,(In millions USD),495.96,633.44,456.79,764.06,531.56,427.17,505.73,525.69,327.62,278.88,395.93,379.89,,,,,,,,,,,,,,,,,,,,,,,,,,,,,,,,,,,,,,,,
Non-controlling interests ,Rohm,(In millions USD),4.21,4.14,3.84,4.32,4.07,4.05,3.99,4.17,4.09,4.14,3.64,4.01,,,,,,,,,,,,,,,,,,,,,,,,,,,,,,,,,,,,,,,,
Total net assets ,Rohm,(In millions USD),"6,035.39","6,220.24","6,148.17","6,807.26","6,254.89","6,391.18","6,313.66","6,719.55","6,777.17","6,954.89","6,129.08","6,530.56",,,,,,,,,,,,,,,,,,,,,,,,,,,,,,,,,,,,,,,,
Total liabilities and net assets ,Rohm,(In millions USD),"9,774.10","9,779.26","9,903.64","10,552.59","9,570.47","9,677.80","9,587.66","8,090.90","8,315.61","8,416.98","7,428.10","7,885.35",,,,,,,,,,,,,,,,,,,,,,,,,,,,,,,,,,,,,,,,
Revenue,Analog,(in Millions USD),2640.07,"2,423.17","2,443.21","2,312.21","2,159.04","2,512.70","2,716.48","3,076.50","3,262.93","3,249.63","3,247.72","3,109.88",,,,,,,,,,,,,,,,,,,,,,,,,,,,,,,,,,,,,,,,
Revenue QOQ,Analog,(in Millions USD),8.95%,-0.82%,5.67%,7.09%,-14.08%,-7.50%,-11.70%,-5.71%,0.41%,0.06%,4.43%,,,,,,,,,,,,,,,,,,,,,,,,,,,,,,,,,,,,,,,,,
Cost of Goods Sold,Analog,(in Millions USD),1028.46,992.87,"1,027.08","1,000.97",979.00,"1,038.76","1,069.77","1,114.88","1,118.38","1,125.29","1,104.90","1,066.74",,,,,,,,,,,,,,,,,,,,,,,,,,,,,,,,,,,,,,,,
COGS as % of Revenue,Analog,(in Millions USD),38.96%,40.97%,42.04%,43.29%,45.34%,41.34%,39.38%,36.24%,34.28%,34.63%,34.02%,34.30%,,,,,,,,,,,,,,,,,,,,,,,,,,,,,,,,,,,,,,,,
Gross Profit,Analog,(in Millions USD),1611.61,"1,430.30","1,416.13","1,311.24","1,180.04","1,473.94","1,646.72","1,961.62","2,144.55","2,124.29","2,142.82","2,043.14",,,,,,,,,,,,,,,,,,,,,,,,,,,,,,,,,,,,,,,,
Gross Margin,Analog,(in Millions USD),61.04%,59.03%,57.96%,56.71%,54.66%,58.66%,60.62%,63.76%,65.72%,65.37%,65.98%,65.70%,,,,,,,,,,,,,,,,,,,,,,,,,,,,,,,,,,,,,,,,
Research and development (R&D),Analog,(in Millions USD),441.84,402.89,378.90,362.67,354.86,391.43,406.59,423.75,415.75,414.10,421.01,431.83,,,,,,,,,,,,,,,,,,,,,,,,,,,,,,,,,,,,,,,,
SG&A (incl. Marketing),Analog,(in Millions USD),302.67,284.80,277.22,257.21,244.13,290.08,288.94,334.11,324.25,326.28,336.56,326.92,,,,,,,,,,,,,,,,,,,,,,,,,,,,,,,,,,,,,,,,
Total operating expenses,Analog,(in Millions USD),933.67,938.99,846.74,819.92,793.91,887.98,"1,012.30","1,032.12","1,016.16",993.52,"1,040.34","1,149.84",,,,,,,,,,,,,,,,,,,,,,,,,,,,,,,,,,,,,,,,
R&D as % of Revenue,Analog,(in Millions USD),16.74,16.63,15.51,15.69,16.44,15.58,14.97,13.77,12.74,12.74,12.96,13.89,,,,,,,,,,,,,,,,,,,,,,,,,,,,,,,,,,,,,,,,
SGM&A as % of Revenue,Analog,(in Millions USD),11.46,11.75,11.35,11.12,11.31,11.54,10.64,10.86,9.94,10.04,10.36,10.51,,,,,,,,,,,,,,,,,,,,,,,,,,,,,,,,,,,,,,,,
Operating Profit (EBIT),Analog,(in Millions USD),677.94,491.31,569.39,491.32,386.12,585.96,634.42,929.49,"1,128.38","1,130.82","1,102.48",893.31,,,,,,,,,,,,,,,,,,,,,,,,,,,,,,,,,,,,,,,,
Nonoperating expense (income):,Analog,(in Millions USD),,,,,,,,,,,,,,,,,,,,,,,,,,,,,,,,,,,,,,,,,,,,,,,,,,,,
Interest expense,Analog,(in Millions USD),74.70,75,82.80,85,77,77,72,69,63,60.45,47.71,51.19,,,,,,,,,,,,,,,,,,,,,,,,,,,,,,,,,,,,,,,,
Interest income,Analog,(in Millions USD),-21.73,-23,-27.29,-26,-15,-9,-9,-9,-13,-10.83,-4.33,-1.80,,,,,,,,,,,,,,,,,,,,,,,,,,,,,,,,,,,,,,,,
Total nonoperating expense (income),Analog,(in Millions USD),52.02,56,53.06,68,62,73,63,55,40,57.35,54.46,45.37,,,,,,,,,,,,,,,,,,,,,,,,,,,,,,,,,,,,,,,,
Income before income taxes,Analog,(in Millions USD),625.93,435.58,516.33,422.99,324.60,513.42,571.79,874.82,"1,087.92","1,073.47","1,048.01",847.94,,,,,,,,,,,,,,,,,,,,,,,,,,,,,,,,,,,,,,,,
Provision for income taxes,Analog,(in Millions USD),56.16,44,38.26,31,22,51,73,-2,110,112.00,111.79,98.95,,,,,,,,,,,,,,,,,,,,,,,,,,,,,,,,,,,,,,,,
Net Profit/Income,Analog,(in Millions USD),569.77,391.32,478.07,392.23,302.24,462.73,498.43,877.02,977.66,961.47,936.23,748.99,,,,,,,,,,,,,,,,,,,,,,,,,,,,,,,,,,,,,,,,
Net Profit Margin,Analog,(in Millions USD),21.58%,16.15%,19.57%,16.96%,14.00%,18.42%,18.35%,28.51%,29.96%,29.59%,28.83%,24.08%,,,,,,,,,,,,,,,,,,,,,,,,,,,,,,,,,,,,,,,,
Shares used to compute earnings per common share – basic,Analog,(in Millions USD),496.17,496.12,496.43,496.34,496.13,495.77,497.07,500.02,504.72,507.12,512.23,517.01,,,,,,,,,,,,,,,,,,,,,,,,,,,,,,,,,,,,,,,,
Shares used to compute earnings per common share – diluted,Analog,(in Millions USD),498.20,498.67,498.07,498.79,498.53,498.74,500.42,503.50,508.73,511.18,515.76,520.55,,,,,,,,,,,,,,,,,,,,,,,,,,,,,,,,,,,,,,,,
Basic earnings per common share,Analog,(in Millions USD),1.15,0.79,0.96,0.79,$ 0.61,$ 0.93,1.00,1.75,1.94,1.90,1.83,1.45,,,,,,,,,,,,,,,,,,,,,,,,,,,,,,,,,,,,,,,,
Diluted earnings per common share,Analog,(in Millions USD),1.14,0.78,1,0.79,$ 0.61,$ 0.93,1.00,1.74,1.92,1.88,1.82,1.44,,,,,,,,,,,,,,,,,,,,,,,,,,,,,,,,,,,,,,,,
Cash and cash equivalents,Analog,(in Millions USD),2376.24,"2,349.99","1,991.34","2,106.03","1,939.70","1,303.56",958.06,"1,149.25","1,177.61","1,670.46","1,470.57","1,524.96",,,,,,,,,,,,,,,,,,,,,,,,,,,,,,,,,,,,,,,,
Short-term investments,Analog,(in Millions USD),,344.52,371.82,439.67,424.12,,,,,,,,,,,,,,,,,,,,,,,,,,,,,,,,,,,,,,,,,,,,,,,
Accounts receivable,Analog,(in Millions USD),1382.37,"1,192.44","1,336.33","1,127.16","1,196.72","1,196.72","1,469.73","1,616.24","1,616.26","1,629.87","1,800.46","1,742.65",,,,,,,,,,,,,,,,,,,,,,,,,,,,,,,,,,,,,,,,
Inventories,Analog,(in Millions USD),1524.90,"1,474.66","1,447.69","1,427.94","1,004.63","1,553.22","1,642.21","1,709.31","1,648.14","1,522.94","1,399.91","1,203.39",,,,,,,,,,,,,,,,,,,,,,,,,,,,,,,,,,,,,,,,
Inventories as a % of Revenue,Analog,(in Millions USD),57.76%,60.86%,59.25%,61.76%,46.53%,61.81%,60.45%,55.56%,50.51%,46.87%,43.10%,38.70%,,,,,,,,,,,,,,,,,,,,,,,,,,,,,,,,,,,,,,,,
Prepaid expenses and other current assets,Analog,(in Millions USD),305040.00,344.52,337.47,342.14,346.10,362.38,314.01,360.38,302.92,338.23,267.04,218.71,,,,,,,,,,,,,,,,,,,,,,,,,,,,,,,,,,,,,,,,
Total current assets,Analog,(in Millions USD),5588.54,"5,733.08","5,484.65","5,442.94","5,193.62","4,415.88","4,384.02","4,835.19","4,744.92","5,161.50","4,937.99","4,689.71",,,,,,,,,,,,,,,,,,,,,,,,,,,,,,,,,,,,,,,,
"Net property, plant and equipment",Analog,(in Millions USD),3336.13,"3,355.24","3,415.55","3,395.75","3,415.22","3,281.94","2,922.78","2,922.78","2,742.02","2,524.66","2,401.30","2,180.05",,,,,,,,,,,,,,,,,,,,,,,,,,,,,,,,,,,,,,,,
Goodwill,Analog,(in Millions USD),26945.18,"26,945.18","26,909.78","26,909.78","26,909.78","26,913.31","26,913.13","26,913.13","26,913.13","26,914.13","26,913.13","26,920.34",,,,,,,,,,,,,,,,,,,,,,,,,,,,,,,,,,,,,,,,
"Intangible assets, net",Analog,(in Millions USD),8787.38,"9,183.04","9,585.46","9,997.71","10,434.78","10,871.05","11,311.96","11,762.66","12,261.69","12,763.23","13,265.41","13,764.44",,,,,,,,,,,,,,,,,,,,,,,,,,,,,,,,,,,,,,,,
Deferred tax assets,Analog,(in Millions USD),1985.59,"2,032.68","2,083.75","2,105.43","2,146.32","2,172.17","2,223.27","2,224.88","2,248.86","2,267.18","2,264.89","2,297.12",,,,,,,,,,,,,,,,,,,,,,,,,,,,,,,,,,,,,,,,
Other assets,Analog,(in Millions USD),701.67,718.34,749.08,766.78,762.15,734.29,742.94,668.10,634.12,604.82,397.34,494.51,,,,,,,,,,,,,,,,,,,,,,,,,,,,,,,,,,,,,,,,
Total Assets,Analog,(in Millions USD),47344.49,"47,967.55","48,228.28","48,618.37","48,861.87","48,388.46","48,794.45","49,346.74","49,544.74","50,234.52","50,302.35","50,346.17",,,,,,,,,,,,,,,,,,,,,,,,,,,,,,,,,,,,,,,,
Accounts payable,Analog,(in Millions USD),429.41,368.94,487.46,,,"4,10,013",,,,,,,,,,,,,,,,,,,,,,,,,,,,,,,,,,,,,,,,,,,,,,
Total current liabilities,Analog,(in Millions USD),2690.64,"2,971.00","2,988.28","1,779.94","1,850.31","1,879.60","2,154.70","2,831.02","2,646.41","2,433.68","2,442.66","2,441.20",,,,,,,,,,,,,,,,,,,,,,,,,,,,,,,,,,,,,,,,
Current Ratio,Analog,(in Millions USD),2.08,1.93,1.84,3.06,2.81,2.35,2.03,1.71,1.79,2.12,2.02,1.92,,,,,,,,,,,,,,,,,,,,,,,,,,,,,,,,,,,,,,,,
Quick Ratio,Analog,(in Millions USD),1.40,1.31,1.24,2.06,1.92,1.33,1.13,0.98,1.06,1.36,1.34,1.34,,,,,,,,,,,,,,,,,,,,,,,,,,,,,,,,,,,,,,,,
Long-term debt,Analog,(in Millions USD),6648.42,"6,618.56","6,634.31","6,655.72","6,611.68","5,946.67","5,902,457","6,437.65","6,475.65","6,543.25","6,548.63","6,252.84",,,,,,,,,,,,,,,,,,,,,,,,,,,,,,,,,,,,,,,,
Deferred income taxes,Analog,(in Millions USD),2379.58,"2,514.87","2,624.39","2,743.02","2,887.95","2,975.82","3,127.85","3,150.75","3,325.35","3,477.04","3,622.54","3,764.37",,,,,,,,,,,,,,,,,,,,,,,,,,,,,,,,,,,,,,,,
Income taxes payable,Analog,(in Millions USD),,261.56,260.49,,,,,,,,,,,,,,,,,,,,,,,,,,,,,,,,,,,,,,,,,,,,,,,,,
Other non-current liabilities,Analog,(in Millions USD),518.88,531.03,544.49,802.90,816.12,994.54,998.08,"1,023.58","1,084.11","1,249.06","1,223.21","1,249.17",,,,,,,,,,,,,,,,,,,,,,,,,,,,,,,,,,,,,,,,
Total stockholders’ equity,Analog,(in Millions USD),35010.62,"35,070.54","35,176.32","35,190.11","35,248.79","35,548.07","35,565.12","35,904","36,013","36,531.49","36,465.32","36,638.59",,,,,,,,,,,,,,,,,,,,,,,,,,,,,,,,,,,,,,,,
Debt-to-Equity Ratio,Analog,(in Millions USD),0.09,0.10,0.10,0.07,0.08,0.08,0.09,0.11,0.10,0.10,0.10,0.10,,,,,,,,,,,,,,,,,,,,,,,,,,,,,,,,,,,,,,,,
ROA (Return on Assets),Analog,(in Millions USD),1.20%,0.82%,0.99%,0.81%,0.62%,0.96%,1.02%,1.78%,1.97%,1.91%,1.86%,1.49%,,,,,,,,,,,,,,,,,,,,,,,,,,,,,,,,,,,,,,,,
ROE (Return on Equity),Analog,(in Millions USD),1.63%,1.12%,1.36%,1.11%,0.86%,1.30%,1.40%,2.44%,2.71%,2.63%,2.57%,2.04%,,,,,,,,,,,,,,,,,,,,,,,,,,,,,,,,,,,,,,,,
TOTAL LIABILITIES AND SHAREHOLDERS’ EQUITY,Analog,(in Millions USD),47344.49,"47,967.55","48,228.28","48,618.37","48,861.87","48,388.46","48,794.48","49,346.74","49,544.74","50,234.52","50,302.35","50,346.17",,,,,,,,,,,,,,,,,,,,,,,,,,,,,,,,,,,,,,,,
Depreciation and amortization,Analog,(in Millions USD),1015.52,932.76,943.68,968.26,967.77,966.15,989.32,"1,089.18","1,083.33","1,089.59","1,074.53","1,082.32",,,,,,,,,,,,,,,,,,,,,,,,,,,,,,,,,,,,,,,,
Net cash provided by (used for) investing activities,Analog,(in Millions USD),133.89,-194.30,111.61,-172.07,-602.08,-219.10,-479.06,-326.75,-284.52,-176.06,-306.33,-134.13,,,,,,,,,,,,,,,,,,,,,,,,,,,,,,,,,,,,,,,,
Net cash used for financing activities,Analog,(in Millions USD),-1695.29,-573.86,"1,053.89",-516.62,430.36,-574.23,-899.42,-844.07,"-1,289.91","-1,030.36",-886.86,"1,318.41",,,,,,,,,,,,,,,,,,,,,,,,,,,,,,,,,,,,,,,,
,,,,,,,,,,,,,,,,,,,,,,,,,,,,,,,,,,,,,,,,,,,,,,,,,,,,,,
End-Markets:,Onsemi,(in Millions USD),,,,,,,,,,,,,,,,,,,,,,,,,,,,,,,,,,,,,,,,,,,,,,,,,,,,
Automotive,Onsemi,(in Millions USD),761.9,"1,025.50",951.2,906.9,"1,017.20","1,114.30","1,157.80","1,061.80",986,988.7,873.6,784,,,,,,,,,,,,,,,,,,,,,,,,,,,,,,,,,,,,,,,,
Industrial,Onsemi,(in Millions USD),400,416.90,439.9,468,476.1,497.1,615.8,609.3,556.2,552.4,613.2,581.8,,,,,,,,,,,,,,,,,,,,,,,,,,,,,,,,,,,,,,,,
"Other (Of Computing, consumer, networking and comms)",Onsemi,(in Millions USD),283.8,280.10,370.8,360.3,369.4,406.8,407.2,423.2,417.5,562.6,705.8,719.2,,,,,,,,,,,,,,,,,,,,,,,,,,,,,,,,,,,,,,,,
Business Unit Split:,Onsemi,(in Millions USD),,,,,,,,,,,,,,,,,,,,,,,,,,,,,,,,,,,,,,,,,,,,,,,,,,,,CY 2022 Q4
Intelligent Sensing Group,Onsemi,(in Millions USD),234.2,302.5,278.90,252.2,291.5,307.7,328.6,325,354.2,354.3,342.2,311.1,,,,,,,,,,,,,,,,,,,,,,,,,,,,,,,,,,,,,,,,
Analog & Mixed-Signal Group,Onsemi,(in Millions USD),566.4,610.6,653.70,647.8,697,744.9,775.7,791.9,744.7,864.3,927.9,912.3,,,,,,,,,,,,,,,,,,,,,,,,,,,,,,,,,,,,,,,,
Power Solutions Group,Onsemi,(in Millions USD),645.1,809.4,829.30,835.3,874.2,965.6,"1,076.50",977.5,860.8,885.1,922.4,861.5,,,,,,,,,,,,,,,,,,,,,,,,,,,,,,,,,,,,,,,,
Revenue from external customers:,Onsemi,(in Millions USD),,,,,,,,,,,,,,,,,,,,,,,,,,,,,,,,,,,,,,,,,,,,,,,,,,,,
PSG,Onsemi,(in Millions USD),645.1,809.40,829.4,835.2,874.2,874.2,"1,230.60","1,119.80","1,119.80",,"1,116.10","1,057.00",986.70,,,,,,,,,,,,,,,,,,,,,,,,,,,,,,,,,,,,,,,
AMG,Onsemi,(in Millions USD),566.4,610.60,653.7,647.8,697,697,621.6,649.5,649.5,,734.30,716.70,689.30,,,,,,,,,,,,,,,,,,,,,,,,,,,,,,,,,,,,,,,
ISG,Onsemi,(in Millions USD),234.2,302.50,278.8,252.2,291.5,291.5,328.6,325.1,325.1,,342.20,311.30,269.00,,,,,,,,,,,,,,,,,,,,,,,,,,,,,,,,,,,,,,,
Cost of revenue:,Onsemi,(in Millions USD),,,,,,,,,,,,,,,,,,,,,,,,,,,,,,,,,,,,,,,,,,,,,,,,,,,,
PSG,Onsemi,(in Millions USD),521.9,484.10,484.50,486.40,508.80,508.80,639.60,583.10,583.10,,607.60,545.80,512.00,,,,,,,,,,,,,,,,,,,,,,,,,,,,,,,,,,,,,,,
AMG,Onsemi,(in Millions USD),265.5,290.30,328.40,325.90,358.20,358.20,338.00,348.00,348.00,,352.60,336.40,322.60,,,,,,,,,,,,,,,,,,,,,,,,,,,,,,,,,,,,,,,
ISG,Onsemi,(in Millions USD),364.5,169,149.6,138.9,142.1,142.1,172.5,169.9,169.9,,174.10,165.70,149.10,,,,,,,,,,,,,,,,,,,,,,,,,,,,,,,,,,,,,,,
Segment gross profit :,Onsemi,(in Millions USD),,,,,,,,,,,,,,,,,,,,,,,,,,,,,,,,,,,,,,,,,,,,,,,,,,,,
PSG,Onsemi,(in Millions USD),123.2,325.30,344.90,348.80,365.40,365.40,591.00,536.70,536.70,,508.5,511.2,474.7,,,,,,,,,,,,,,,,,,,,,,,,,,,,,,,,,,,,,,,
AMG,Onsemi,(in Millions USD),300.9,320.30,325.30,321.90,338.80,338.80,283.60,301.50,301.50,,381.7,380.3,366.7,,,,,,,,,,,,,,,,,,,,,,,,,,,,,,,,,,,,,,,
ISG,Onsemi,(in Millions USD),-130.3,133.5,129.2,113.3,149.4,149.4,156.1,155.2,155.2,,168.1,145.6,119.9,,,,,,,,,,,,,,,,,,,,,,,,,,,,,,,,,,,,,,,
Geographic Location:,Onsemi,(in Millions USD),,,,,,,,,,,,,,,,,,,,,,,,,,,,,,,,,,,,,,,,,,,,,,,,,,,,
Hong Kong,Onsemi,(in Millions USD),,,,,,,,,,,,,,,,,,,,,,,,,,,,,,,,,,,,,,,,,,,,,,,,,,,,
PSG,Onsemi,(in Millions USD),165.1,226.80,215.60,230.3,203.4,,364.9,325.6,286.9,368.30,351.2,292.3,303.1,,,,,,,,,,,,,,,,,,,,,,,,,,,,,,,,,,,,,,,
AMG,Onsemi,(in Millions USD),143.4,163.10,186.60,162.2,149.7,,144.7,144.6,139.7,155.70,192.7,221,173.9,,,,,,,,,,,,,,,,,,,,,,,,,,,,,,,,,,,,,,,
ISG,Onsemi,(in Millions USD),61.6,63.60,64.70,61,52.3,,72.3,60,63.8,89.00,74,42.4,52.6,,,,,,,,,,,,,,,,,,,,,,,,,,,,,,,,,,,,,,,
Singapore,Onsemi,(in Millions USD),,,,,,,,,,,,,,,,,,,,,,,,,,,,,,,,,,,,,,,,,,,,,,,,,,,,
PSG,Onsemi,(in Millions USD),140.4,301.20,276.30,206.8,206.7,,330.3,331.2,276.4,776.10,284.2,326.5,280.5,,,,,,,,,,,,,,,,,,,,,,,,,,,,,,,,,,,,,,,
AMG,Onsemi,(in Millions USD),114.2,124.20,146.00,160.8,186.1,,127.3,138.4,116.1,200.30,203.2,181.7,233.8,,,,,,,,,,,,,,,,,,,,,,,,,,,,,,,,,,,,,,,
ISG,Onsemi,(in Millions USD),19.2,34.80,27.20,22.7,40.4,,49.2,49.7,58.2,25.80,56.6,76.2,41.4,,,,,,,,,,,,,,,,,,,,,,,,,,,,,,,,,,,,,,,
United Kingdom,Onsemi,(in Millions USD),,,,,,,,,,,,,,,,,,,,,,,,,,,,,,,,,,,,,,,,,,,,,,,,,,,,
PSG,Onsemi,(in Millions USD),165,143.80,178.80,187.7,202.5,,247.2,227,204.1,200.10,192.3,182.7,186.9,,,,,,,,,,,,,,,,,,,,,,,,,,,,,,,,,,,,,,,
AMG,Onsemi,(in Millions USD),122.5,128.70,117.30,122.7,133.8,,121.7,130.7,128.1,125.10,113.7,109.4,106.6,,,,,,,,,,,,,,,,,,,,,,,,,,,,,,,,,,,,,,,
ISG,Onsemi,(in Millions USD),80,111.70,99.70,103.4,107.7,,95.3,91.7,81.1,89.30,66.5,67.7,52,,,,,,,,,,,,,,,,,,,,,,,,,,,,,,,,,,,,,,,
United States,Onsemi,(in Millions USD),,,,,,,,,,,,,,,,,,,,,,,,,,,,,,,,,,,,,,,,,,,,,,,,,,,,
PSG,Onsemi,(in Millions USD),123,82.90,89.50,147.7,205.3,,211.5,159.7,166.3,174.90,208.1,180.1,144.9,,,,,,,,,,,,,,,,,,,,,,,,,,,,,,,,,,,,,,,
AMG,Onsemi,(in Millions USD),142,144.20,147.30,145.7,159.5,,149.6,144.8,121.3,104.70,117.3,107,92.3,,,,,,,,,,,,,,,,,,,,,,,,,,,,,,,,,,,,,,,
ISG,Onsemi,(in Millions USD),27.6,54.60,45.10,31.5,54.2,,63.4,76.4,101.5,96.80,90,74.1,74.5,,,,,,,,,,,,,,,,,,,,,,,,,,,,,,,,,,,,,,,
Other,Onsemi,(in Millions USD),,,,,,,,,,,,,,,,,,,,,,,,,,,,,,,,,,,,,,,,,,,,,,,,,,,,
PSG,Onsemi,(in Millions USD),51.6,54.70,69.20,62.7,56.3,,76.7,76.3,79.1,81.40,80.3,75.40,71.3,,,,,,,,,,,,,,,,,,,,,,,,,,,,,,,,,,,,,,,
AMG,Onsemi,(in Millions USD),44.3,50.40,56.50,56.4,67.9,,78.3,91,87.6,115.80,107.4,97.6,82.7,,,,,,,,,,,,,,,,,,,,,,,,,,,,,,,,,,,,,,,
ISG,Onsemi,(in Millions USD),45.8,37.80,42.10,33.6,36.9,,48.4,47.3,49.5,52.10,55.1,50.9,48.5,,,,,,,,,,,,,,,,,,,,,,,,,,,,,,,,,,,,,,,
Sales Channel:,Onsemi,(in Millions USD),,,,,,,,,,,,,,,,,,,,,,,,,,,,,,,,,,,,,,,,,,,,,,,,,,,,
Distributors:,Onsemi,(in Millions USD),,,,,,,,,,,,,,,,,,,,,,,,,,,,,,,,,,,,,,,,,,,,,,,,,,,,
PSG,Onsemi,(in Millions USD),335.6,546.60,539.3,515.2,450.4,,719,682.6,629.30,,726.00,696.40,633.90,,,,,,,,,,,,,,,,,,,,,,,,,,,,,,,,,,,,,,,
AMG,Onsemi,(in Millions USD),276.1,276.40,370.3,348.4,343.6,,280.9,292.4,222.80,,368.10,372.80,356.90,,,,,,,,,,,,,,,,,,,,,,,,,,,,,,,,,,,,,,,
ISG,Onsemi,(in Millions USD),97.4,79.5,86.5,91.4,112,,138,152.7,187.10,,187.40,164.50,150.60,,,,,,,,,,,,,,,,,,,,,,,,,,,,,,,,,,,,,,,
Direct customers:,Onsemi,(in Millions USD),,,,,,,,,,,,,,,,,,,,,,,,,,,,,,,,,,,,,,,,,,,,,,,,,,,,
PSG,Onsemi,(in Millions USD),309.5,262.80,290.1,320,423.8,,511.6,437.2,383.50,,390.10,360.60,352.80,,,,,,,,,,,,,,,,,,,,,,,,,,,,,,,,,,,,,,,
AMG,Onsemi,(in Millions USD),290.3,334.20,283.4,299.4,353.4,,340.7,357.1,370.00,,366.20,343.90,332.40,,,,,,,,,,,,,,,,,,,,,,,,,,,,,,,,,,,,,,,
ISG,Onsemi,(in Millions USD),136.8,223,192.3,160.8,179.5,,190.6,172.4,167.00,,154.80,146.80,118.40,,,,,,,,,,,,,,,,,,,,,,,,,,,,,,,,,,,,,,,
Distribution Split:,Onsemi,(in Millions USD),,,,,,,,,,,,,,,,,,,,,,,,,,,,,,,,,,,,,,,,,,,,,,,,,,,,
Direct,Onsemi,(in Millions USD),54%,48%,43%,45%,51%,50%,48%,46%,47%,45%,42%,41%,,,,,,,,,,,,,,,,,,,,,,,,,,,,,,,,,,,,,,,,
Distribution,Onsemi,(in Millions USD),46%,52 %,57%,55%,49%,50%,52%,54%,53%,55%,58%,59%,,,,,,,,,,,,,,,,,,,,,,,,,,,,,,,,,,,,,,,,
Book-to-bill ratio,Vishay,(in Millions USD),1.08,1.01,0.88,0.86,0.82,0.75,0.63,0.69,0.84,0.94,0.88,1.07,1.14,,,,,,,,,,,,,,,,,,,,,,,,,,,,,,,,,,,,,,,
Inventory turnover,Vishay,(in Millions USD),3.3,3.3,3.4,3.4,3.5,3.6,3.7,3.9,3.7,3.9,4.1,3.8,4.2,,,,,,,,,,,,,,,,,,,,,,,,,,,,,,,,,,,,,,,
Change in ASP vs. prior quarter,Vishay,(in Millions USD),-1.30%,-0.60%,-1.00%,-0.70%,-2.50%,-0.70%,-0.80%,-0.70%,1.20%,0.60%,0.00%,2.90%,2.40%,,,,,,,,,,,,,,,,,,,,,,,,,,,,,,,,,,,,,,,
Revenue:,Vishay,(in Millions USD),,,,,,,,,,,,,,,,,,,,,,,,,,,,,,,,,,,,,,,,,,,,,,,,,,,,
MOSFETs,Vishay,(in Millions USD),142.113,146.619,147.134,155.053,153.173,168.158,205.027,207.388,198.181,,225.186,158.395,,,,,,,,,,,,,,,,,,,,,,,,,,,,,,,,,,,,,,,,
Diodes,Vishay,(in Millions USD),140.963,141.397,145.183,146.265,149.130,163.324,176.788,174.735,175.693,,209.012,192.083,,,,,,,,,,,,,,,,,,,,,,,,,,,,,,,,,,,,,,,,
Optoelectronic Components,Vishay,(in Millions USD),51.168,46.932,63.227,53.010,49.199,53.853,64.441,64.449,60.403,,73.447,77.936,,,,,,,,,,,,,,,,,,,,,,,,,,,,,,,,,,,,,,,,
Resistors,Vishay,(in Millions USD),179.500,177.031,180.889,179.498,188.196,198.022,199.877,222.433,223.140,,207.437,213.176,,,,,,,,,,,,,,,,,,,,,,,,,,,,,,,,,,,,,,,,
Inductors,Vishay,(in Millions USD),84.121,83.390,90.253,94.061,88.651,87.868,89.947,89.239,80.338,,83.503,89.608,,,,,,,,,,,,,,,,,,,,,,,,,,,,,,,,,,,,,,,,
Capacitors,Vishay,(in Millions USD),117.371,119.347,108.667,113.352,117.930,114.011,117.573,133.866,133.291,,126.213,132.314,,,,,,,,,,,,,,,,,,,,,,,,,,,,,,,,,,,,,,,,
Corporate/ Other,Vishay,(in Millions USD),-,-,-,-,-,-,-,-,871.046,-,-,-,,,,,,,,,,,,,,,,,,,,,,,,,,,,,,,,,,,,,,,,
Revenue Distribution: ,Vishay,(in Millions USD),,,,,,,,,,,,,,,,,,,,,,,,,,,,,,,,,,,,,,,,,,,,,,,,,,,,
Distributors,Vishay,(in Millions USD),388.493,377.712,406.468,411.508,382.48,402.271,438.126,487.107,470.788,,536.289,515.714,,,,,,,,,,,,,,,,,,,,,,,,,,,,,,,,,,,,,,,,
OEMs,Vishay,(in Millions USD),278.346,285.113,278.801,279.111,313.827,334.025,358.791,344.82,340.428,,322.26,288.695,,,,,,,,,,,,,,,,,,,,,,,,,,,,,,,,,,,,,,,,
EMS companies,Vishay,(in Millions USD),48.397,51.887,50.084,50.62,49.972,48.94,56.736,60.183,59.83,,66.249,59.103,,,,,,,,,,,,,,,,,,,,,,,,,,,,,,,,,,,,,,,,
Geographic distrinution:,Vishay,(in Millions USD),,,,,,,,,,,,,,,,,,,,,,,,,,,,,,,,,,,,,,,,,,,,,,,,,,,,
Asia,Vishay,(in Millions USD),284.579,292.065,289.577,283.489,284.007,297.857,323.75,323.527,310.429,,352.16,344.770,,,,,,,,,,,,,,,,,,,,,,,,,,,,,,,,,,,,,,,,
Europe,Vishay,(in Millions USD),255.331,236.718,256.296,265.153,271.734,287.366,315.264,326.461,326.561,,296.779,275.965,,,,,,,,,,,,,,,,,,,,,,,,,,,,,,,,,,,,,,,,
Americas,Vishay,(in Millions USD),175.326,183.933,189.48,192.597,190.538,200.013,214.639,242.122,234.056,,275.859,242.777,,,,,,,,,,,,,,,,,,,,,,,,,,,,,,,,,,,,,,,,
Segment-wise Revenue:,Vishay,(in Millions USD),,,,,,,,,,,,,,,,,,,,,,,,,,,,,,,,,,,,,,,,,,,,,,,,,,,,
Industrial,Vishay,(in Millions USD),244.926,238.32,243.61,262.134,248.128,,297.506,327.956,325.96,,362.38,350.955,,,,,,,,,,,,,,,,,,,,,,,,,,,,,,,,,,,,,,,,
Automotive,Vishay,(in Millions USD),257.112,262.715,279.597,268.099,287.302,,316.043,310.233,284.499,,286.331,253.672,,,,,,,,,,,,,,,,,,,,,,,,,,,,,,,,,,,,,,,,
Military and Aerospace,Vishay,(in Millions USD),76.317,80.129,81.264,80.569,83.356,,40.816,68.741,62.125,,56.861,55.703,,,,,,,,,,,,,,,,,,,,,,,,,,,,,,,,,,,,,,,,
Medical,Vishay,(in Millions USD),36.532,36.99,37.01,39.456,34.389,,34.447,,42.103,,33.675,32.973,,,,,,,,,,,,,,,,,,,,,,,,,,,,,,,,,,,,,,,,
Other*,Vishay,(in Millions USD),100.349,95.562,93.872,90.981,93.104,,-,-,-,-,-,-,,,,,,,,,,,,,,,,,,,,,,,,,,,,,,,,,,,,,,,,
Computing,Vishay,(in Millions USD),-,-,-,-,-,-,,,43.169,,52.206,57.035,,,,,,,,,,,,,,,,,,,,,,,,,,,,,,,,,,,,,,,,
Consumer Products,Vishay,(in Millions USD),-,-,-,-,-,-,42.155,41.616,46.534,,50.235,43.147,,,,,,,,,,,,,,,,,,,,,,,,,,,,,,,,,,,,,,,,
Power Supplies,Vishay,(in Millions USD),-,-,-,-,-,-,38.897,44.631,44.156,,50.822,41.144,,,,,,,,,,,,,,,,,,,,,,,,,,,,,,,,,,,,,,,,
Telecommunications,Vishay,(in Millions USD),-,-,-,-,-,-,16.166,17.712,22.5,,32.288,28.883,,,,,,,,,,,,,,,,,,,,,,,,,,,,,,,,,,,,,,,,
Revenue Trends by end market,Analog,(in Millions USD),,,,,,,,,,,,,,,,,,,,,,,,,,,,,,,,,,,,,,,,,,,,,,,,,,,,
Industrial,Analog,(in Millions USD),"1,077.90","1,070.98","1,058.70","1,014.85","1,196.83","1,353.53","1,629.20","1,744.57","1,690.20","1,661.51","1,555.07",,,,,,,,,,,,,,,,,,,,,,,,,,,,,,,,,,,,,,,,,
Automotive,Analog,(in Millions USD),732.51,716.96,670.30,658.24,739.16,731.40,747.55,784.78,718.17,672.33,659.09,,,,,,,,,,,,,,,,,,,,,,,,,,,,,,,,,,,,,,,,,
Consumer,Analog,(in Millions USD),322.90,275.57,266.60,240.78,302.57,340.17,380.50,453.53,487.99,501.98,490.73,,,,,,,,,,,,,,,,,,,,,,,,,,,,,,,,,,,,,,,,,
Communications,Analog,(in Millions USD),289.86,379.69,316.60,245.18,274.14,291.39,319.24,280.06,353.28,411.89,404.99,,,,,,,,,,,,,,,,,,,,,,,,,,,,,,,,,,,,,,,,,
Total revenue,Analog,(in Millions USD),"2,423.17","2,443.21","2,312.21","2,159.04","2,512.70","2,716.48","3,076.50","3,262.93","3,249.63","3,247.72","3,109.88",,,,,,,,,,,,,,,,,,,,,,,,,,,,,,,,,,,,,,,,,
Revenue by sales channel,Analog,(in Millions USD),,,,,,,,,,,,,,,,,,,,,,,,,,,,,,,,,,,,,,,,,,,,,,,,,,,,
Distributors,Analog,(in Millions USD),"1,375.46",,"1,332.24","1,248.38","1,535.21",,"1,904.50",,,,,,,,,,,,,,,,,,,,,,,,,,,,,,,,,,,,,,,,,,,,,
Direct customers,Analog,(in Millions USD),"1,019.87",,940.32,873.59,939.98,,"1,126.80",,,,,,,,,,,,,,,,,,,,,,,,,,,,,,,,,,,,,,,,,,,,,
Other,Analog,(in Millions USD),28,,40,37,38,,45,,,,,,,,,,,,,,,,,,,,,,,,,,,,,,,,,,,,,,,,,,,,,
Sales :,Rohm,(In millions USD),,,,,,,,,,,,,,,,,,,,,,,,,,,,,,,,,,,,,,,,,,,,,,,,,,,,
Japan,Rohm,(In millions USD),224.86,215.22,207.06,225.99,221.88,250.24,256.99,276.48,293.40,321.59,262.95,260.88,,,,,,,,,,,,,,,,,,,,,,,,,,,,,,,,,,,,,,,,
Asia,Rohm,(In millions USD),375.39,421.62,426.64,474.77,380.23,420.98,409.43,438.61,436.01,547.31,519.07,549.61,,,,,,,,,,,,,,,,,,,,,,,,,,,,,,,,,,,,,,,,
America,Rohm,(In millions USD),46.59,38.58,42.81,49.33,44.42,46.85,50.86,50.62,58.71,62.14,54.29,42.51,,,,,,,,,,,,,,,,,,,,,,,,,,,,,,,,,,,,,,,,
Europe,Rohm,(In millions USD),57.50,50.41,60.56,62.46,81.32,69.53,70.21,78.54,83.39,81.49,69.96,77.81,,,,,,,,,,,,,,,,,,,,,,,,,,,,,,,,,,,,,,,,
Revenue from Segements:,Rohm,(In millions USD),,,,,,,,,,,,,,,,,,,,,,,,,,,,,,,,,,,,,,,,,,,,,,,,,,,,
ICs,Rohm,(In millions USD),328.14,335.60,329.70,371.61,317.27,351.01,353.13,385.03,411.85,484.15,423.76,412.45,,,,,,,,,,,,,,,,,,,,,,,,,,,,,,,,,,,,,,,,
Discrete semiconductor devices,Rohm,(In millions USD),298.91,309.50,320.32,343.91,331.57,345.44,338.06,371.88,368.20,425.61,381.57,405.79,,,,,,,,,,,,,,,,,,,,,,,,,,,,,,,,,,,,,,,,
Modules,Rohm,(In millions USD),46.92,51.26,57.30,61.69,47.60,58.96,58.42,56.93,57.49,64.74,62.21,66.83,,,,,,,,,,,,,,,,,,,,,,,,,,,,,,,,,,,,,,,,
Others,Rohm,(In millions USD),41.21,39.83,39.98,45.73,40.94,43.59,43.90,44.79,44.43,50.42,49.86,57.65,,,,,,,,,,,,,,,,,,,,,,,,,,,,,,,,,,,,,,,,
Total,Rohm,(In millions USD),704.35,725.84,737.07,812.55,727.86,787.60,787.50,844.26,871.51,"1,012.53",906.25,930.83,,,,,,,,,,,,,,,,,,,,,,,,,,,,,,,,,,,,,,,,
Segment profit (loss):,Rohm,(In millions USD),,,,,,,,,,,,,,,,,,,,,,,,,,,,,,,,,,,,,,,,,,,,,,,,,,,,
ICs,Rohm,(In millions USD),-32.24,-9.96,9.91,27.49,22.03,38.29,29.48,54.58,59.42,111.44,102.06,78.99,,,,,,,,,,,,,,,,,,,,,,,,,,,,,,,,,,,,,,,,
Discrete semiconductor devices,Rohm,(In millions USD),-172.35,-64.94,-35.50,-33.93,-10.22,10.46,0.03,54.67,46.88,71.92,67.30,66.47,,,,,,,,,,,,,,,,,,,,,,,,,,,,,,,,,,,,,,,,
Modules,Rohm,(In millions USD),-0.13,3.62,8.83,5.39,-0.58,1.08,9.75,3.22,1.98,9.08,9.63,10.54,,,,,,,,,,,,,,,,,,,,,,,,,,,,,,,,,,,,,,,,
Others,Rohm,(In millions USD),4.30,2.33,5.36,4.82,3.06,2.96,4.54,3.92,6.88,8.39,11.48,10.21,,,,,,,,,,,,,,,,,,,,,,,,,,,,,,,,,,,,,,,,
Revenue from Segements:,,,,,,,,,,,,,,,,,,,,,,,,,,,,,,,,,,,,,,,,,,,,,,,,,,,,,,
Analog,TI,(in Millions USD),"3,210.00","3,174.00","3,223.00","2,928.00","2,836.00","3,174.00","3,353.00","3,278.00","$ 3,289","3,558.00","3,993.00","3,992.00",,,,,,,,,,,,,,,,,,,,,,,,,,,,,,,,,,,,,,,,
Embedded Processing,TI,(in Millions USD),647.00,613.00,653.00,615.00,652.00,613.00,890.00,894.00,832.00,837.00,821.00,821.00,,,,,,,,,,,,,,,,,,,,,,,,,,,,,,,,,,,,,,,,
Other,TI,(in Millions USD),212.00,220.00,275.00,279.00,173.00,220.00,289.00,359.00,258.00,275.00,427.00,399.00,,,,,,,,,,,,,,,,,,,,,,,,,,,,,,,,,,,,,,,,
Geographic distrinution:,,,,,,,,,,,,,,,,,,,,,,,,,,,,,,,,,,,,,,,,,,,,,,,,,,,,,,
United States,TI,(in Millions USD),"1,518.00","1,625.00","1,639.00","1,408.00","1,288.00","1,423.00","1,541.00","1,493.00","1,357.00",502.00,694.00,577.00,,,,,,,,,,,,,,,,,,,,,,,,,,,,,,,,,,,,,,,,
China,TI,(in Millions USD),826.00,821.00,823.00,745.00,623.00,732.00,813.00,872.00,876.00,"2,144.00","2,400.00","2,800.00",,,,,,,,,,,,,,,,,,,,,,,,,,,,,,,,,,,,,,,,
Rest of Asia,TI,(in Millions USD),438.00,432.00,431.00,417.00,401.00,458.00,434.00,435.00,394.00,600.00,735.00,595.00,,,,,,,,,,,,,,,,,,,,,,,,,,,,,,,,,,,,,,,,
"Europe, Middle East and Africa (a)",TI,(in Millions USD),936.00,786.00,880.00,898.00,955.00,985.00,"1,193.00","1,194.00","1,270.00",942.00,942.00,822.00,,,,,,,,,,,,,,,,,,,,,,,,,,,,,,,,,,,,,,,,
Japan,TI,(in Millions USD),275.00,277.00,313.00,292.00,330.00,409.00,455,480,438.00,323,310.00,276.00,,,,,,,,,,,,,,,,,,,,,,,,,,,,,,,,,,,,,,,,
Rest of world,TI,(in Millions USD),76.00,69.00,65.00,62.00,64.00,70.00,96.00,57.00,44.00,159.00,160.00,142.00,,,,,,,,,,,,,,,,,,,,,,,,,,,,,,,,,,,,,,,,
Revenue by Business segment:,Infineon,(in Millions USD),,,,,,,,,,,,,,,,,,,,,,,,,,,,,,,,,,,,,,,,,,,,,,,,,,,,
Automotive (ATV),Infineon,(in Millions USD),2086.35,"1,991.44","2,281.44","2,314.46","2,234.51","2,242.67","2,345.40","2,331.53","2,291.20","2,042.11","1,996.35","1,730.00",,,,,,,,,,,,,,,,,,,,,,,,,,,,,,,,,,,,,,,,
Green Industrial Power (GIP),Infineon,(in Millions USD),445.79,352.84,534.00,520.53,504.33,523.83,631.37,618.75,614.66,545.44,559.47,443.43,,,,,,,,,,,,,,,,,,,,,,,,,,,,,,,,,,,,,,,,
Power & Sensor Systems (PSS),Infineon,(in Millions USD),1099.32,850.96,914.06,820.80,766.70,822.85,989.36,"1,004.23","1,018.92","1,137.78","1,206.69","1,038.41",,,,,,,,,,,,,,,,,,,,,,,,,,,,,,,,,,,,,,,,
Connected Secure Systems (CSS),Infineon,(in Millions USD),399.75,356.99,431.02,401.08,398.94,391.53,531.57,519.09,605.85,579.25,507.86,463.77,,,,,,,,,,,,,,,,,,,,,,,,,,,,,,,,,,,,,,,,
Revenue by region:,Infineon,(in Millions USD),1.1229,0.00,,0.00,0.00,0.00,0.00,0.00,0.00,0.00,0.00,0.00,,,,,,,,,,,,,,,,,,,,,,,,,,,,,,,,,,,,,,,,
"Europe, Middle East, Africa",Infineon,(in Millions USD),1.1229,786.61,,0.00,0.00,0.00,0.00,"1,258.30","1,254.65",0.00,0.00,0.00,,,,,,,,,,,,,,,,,,,,,,,,,,,,,,,,,,,,,,,,
therein: Germany,Infineon,(in Millions USD),1.1229,296.80,,0.00,0.00,0.00,0.00,576.04,609.15,0.00,0.00,0.00,,,,,,,,,,,,,,,,,,,,,,,,,,,,,,,,,,,,,,,,
Asia-Pacific,Infineon,(in Millions USD),1.1229,608.12,,0.00,0.00,0.00,0.00,700.88,730.32,0.00,0.00,0.00,,,,,,,,,,,,,,,,,,,,,,,,,,,,,,,,,,,,,,,,
Greater China,Infineon,(in Millions USD),1.1229,"1,392.66",,0.00,0.00,0.00,0.00,"1,435.72","1,400.06",0.00,0.00,0.00,,,,,,,,,,,,,,,,,,,,,,,,,,,,,,,,,,,,,,,,
"therein: Mainland China, Hong Kong",Infineon,(in Millions USD),1.1229,"1,065.77",,0.00,0.00,0.00,0.00,"1,158.65","1,053.07",0.00,0.00,0.00,,,,,,,,,,,,,,,,,,,,,,,,,,,,,,,,,,,,,,,,
Japan,Infineon,(in Millions USD),1.1229,345.57,,0.00,0.00,0.00,0.00,450.10,487.98,0.00,0.00,0.00,,,,,,,,,,,,,,,,,,,,,,,,,,,,,,,,,,,,,,,,
Americas,Infineon,(in Millions USD),1.1229,420.29,,0.00,0.00,0.00,0.00,632.99,664.23,0.00,0.00,0.00,,,,,,,,,,,,,,,,,,,,,,,,,,,,,,,,,,,,,,,,
therein: USA,Infineon,(in Millions USD),1.1229,345.57,,0.00,0.00,0.00,0.00,513.62,557.38,0.00,0.00,0.00,,,,,,,,,,,,,,,,,,,,,,,,,,,,,,,,,,,,,,,,